,Region,dVCR,VCR,UCR,loc
0,7470810,2142523.0,0.000638854550888,0.0316812439261,"(40.010961365678348, 116.50550996483001)"
1,8175883,1866816.0,0.00119549916906,0.141982507289,"(39.90359389038634, 116.421101992966)"
2,6971348,1802120.0,0.00173285282326,0.174246841594,"(40.071159029649593, 116.56529894490036)"
3,7475707,1688503.0,0.00223632831721,0.180563654033,"(40.010512129380054, 116.50492379835875)"
4,7989586,1609159.0,0.00271614512677,0.227988338192,"(39.82587601078167, 116.44337631887457)"
5,6961552,1419218.0,0.00313932559111,0.27074829932,"(40.071159029649593, 116.56647127784291)"
6,6976248,1377715.0,0.00355013074819,0.285325558795,"(40.072057502246182, 116.56471277842908)"
7,8180781,1344479.0,0.00395102564067,0.302721088435,"(39.90359389038634, 116.42051582649474)"
8,7989585,1316623.0,0.00434361446952,0.326724975705,"(39.825426774483375, 116.44337631887457)"
9,6976246,1301935.0,0.00473182365081,0.342079689018,"(40.071159029649593, 116.56471277842908)"
10,9077097,1292086.0,0.00511709607086,0.434013605442,"(39.895507637017069, 116.31324736225089)"
11,6976247,1264719.0,0.00549420823664,0.444509232264,"(40.071608265947887, 116.56471277842908)"
12,7480604,1259810.0,0.00586985664356,0.446258503401,"(40.010062893081759, 116.50433763188747)"
13,6961554,1240476.0,0.00623974006505,0.454227405248,"(40.072057502246182, 116.56647127784291)"
14,7549078,1234263.0,0.00660777090278,0.459572400389,"(39.966037735849056, 116.49613130128957)"
15,7480605,1229945.0,0.00697451420523,0.460349854227,"(40.010512129380054, 116.50433763188747)"
16,6971349,1227736.0,0.00734059883111,0.468707482993,"(40.071608265947887, 116.56529894490036)"
17,6961553,1212770.0,0.00770222091576,0.47657920311,"(40.071608265947887, 116.56647127784291)"
18,6971350,1172311.0,0.00805177899164,0.483187560739,"(40.072057502246182, 116.56529894490036)"
19,7505087,1162431.0,0.00839839106276,0.487463556851,"(40.006918238993713, 116.50140679953107)"
20,7465912,1152448.0,0.00874202641671,0.489601554908,"(40.010961365678348, 116.50609613130129)"
21,6966451,1127415.0,0.00907819746528,0.495432458698,"(40.071608265947887, 116.56588511137164)"
22,6966450,1078766.0,0.00939986242217,0.50009718173,"(40.071159029649593, 116.56588511137164)"
23,7470809,1074952.0,0.00972039012581,0.502235179786,"(40.010512129380054, 116.50550996483001)"
24,8538178,1054227.0,0.0100347380776,0.527016520894,"(39.833063791554359, 116.37772567409145)"
25,6966452,1051890.0,0.0103483891859,0.531584062196,"(40.072057502246182, 116.56588511137164)"
26,6981144,1049970.0,0.0106614677912,0.537803692906,"(40.071159029649593, 116.5641266119578)"
27,9126078,1047464.0,0.010973799161,0.557434402332,"(39.895956873315363, 116.30738569753811)"
28,7607864,1002709.0,0.0112727855466,0.566472303207,"(39.970530098831986, 116.48909730363424)"
29,6981146,988660.0,0.0115675828208,0.57065111759,"(40.072057502246182, 116.5641266119578)"
30,7539251,947888.0,0.0118502227563,0.573275024295,"(39.952111410601972, 116.49730363423213)"
31,8533280,911999.0,0.0121221613593,0.574538386783,"(39.833063791554359, 116.37831184056273)"
32,6795038,903104.0,0.0123914476635,0.621185617104,"(40.079245283018864, 116.58640093786636)"
33,6981145,894929.0,0.0126582963575,0.623906705539,"(40.071608265947887, 116.5641266119578)"
34,6790136,893666.0,0.0129247684519,0.629737609329,"(40.077448337825693, 116.58698710433764)"
35,7475706,891410.0,0.0131905678553,0.629834791059,"(40.010062893081759, 116.50492379835875)"
36,9077096,884073.0,0.0134541795222,0.636248785228,"(39.895058400718774, 116.31324736225089)"
37,7500191,880990.0,0.0137168719044,0.636443148688,"(40.007816711590294, 116.50199296600235)"
38,9126077,857858.0,0.0139726668187,0.640427599611,"(39.895507637017069, 116.30738569753811)"
39,7798901,846400.0,0.0142250452025,0.641788143829,"(39.977268643306381, 116.4662368112544)"
40,7970274,831675.0,0.014473032906,0.651506316812,"(39.951662174303685, 116.44572098475967)"
41,8180783,828104.0,0.0147199558137,0.690184645287,"(39.904492362982928, 116.42051582649474)"
42,8538177,827179.0,0.0149666029062,0.692322643343,"(39.832614555256065, 116.37772567409145)"
43,7480603,734804.0,0.0151857057487,0.692614188533,"(40.009613656783465, 116.50433763188747)"
44,8180782,700599.0,0.0153946093915,0.712827988338,"(39.904043126684634, 116.42051582649474)"
45,7588248,700401.0,0.015603453995,0.717103984451,"(39.959748427672956, 116.49144196951934)"
46,6966453,681069.0,0.0158065342093,0.717978620019,"(40.072506738544476, 116.56588511137164)"
47,7994484,668025.0,0.0160057249818,0.719727891156,"(39.82587601078167, 116.44279015240329)"
48,7495294,657686.0,0.0162018328855,0.719922254616,"(40.008265947888589, 116.50257913247363)"
49,8170985,656547.0,0.0163976011637,0.723032069971,"(39.90359389038634, 116.42168815943728)"
50,9067300,655906.0,0.0165931783095,0.743926141885,"(39.895058400718774, 116.31441969519344)"
51,7602966,645688.0,0.0167857086661,0.745578231293,"(39.970530098831986, 116.48968347010552)"
52,7436525,632132.0,0.0169741969134,0.74713313897,"(40.011410601976635, 116.50961313012897)"
53,6795037,628157.0,0.0171614999006,0.761418853256,"(40.078796046720576, 116.58640093786636)"
54,7411766,626960.0,0.017348445968,0.763751214772,"(39.890566037735844, 116.51254396248535)"
55,7289486,615494.0,0.0175319731194,0.764042759961,"(39.966936208445638, 116.5271981242673)"
56,6971351,615357.0,0.0177154594203,0.76462585034,"(40.072506738544476, 116.56529894490036)"
57,7598069,614863.0,0.017898798421,0.768415937804,"(39.970979335130281, 116.4902696365768)"
58,6795035,605200.0,0.0180792561216,0.777065111759,"(40.077897574123988, 116.58640093786636)"
59,8940114,602521.0,0.0182589150018,0.779786200194,"(39.967834681042227, 116.32966002344666)"
60,8068394,592413.0,0.0184355598924,0.780466472303,"(40.023539982030549, 116.43399765533412)"
61,7205751,579157.0,0.0186082521273,0.780563654033,"(39.756244384546271, 116.53716295427903)"
62,8180784,571463.0,0.0187786501759,0.791739552964,"(39.904941599281223, 116.42051582649474)"
63,8068393,567349.0,0.0189478215176,0.791739552964,"(40.023090745732254, 116.43399765533412)"
64,8195475,564386.0,0.0191161093561,0.799319727891,"(39.90359389038634, 116.4187573270809)"
65,7539250,561475.0,0.0192835291966,0.799319727891,"(39.951662174303685, 116.49730363423213)"
66,8386274,548527.0,0.0194470882203,0.802040816327,"(39.803414195867028, 116.39589683470106)"
67,6961555,548038.0,0.0196105014347,0.802332361516,"(40.072506738544476, 116.56647127784291)"
68,6760244,538909.0,0.0197711925765,0.802429543246,"(39.851033243486071, 116.5905041031653)"
69,7656797,535324.0,0.0199308147479,0.803595724004,"(39.94941599281222, 116.48323563892146)"
70,7544180,533357.0,0.020089850402,0.804470359572,"(39.966037735849056, 116.49671746776085)"
71,7994608,532557.0,0.0202486475132,0.804567541302,"(39.881581311769992, 116.44279015240329)"
72,9018660,529513.0,0.0204065369687,0.805344995141,"(40.047798742138362, 116.32028135990622)"
73,7064500,528019.0,0.0205639809453,0.805442176871,"(40.111590296495955, 116.55416178194608)"
74,9498502,527997.0,0.020721418362,0.80583090379,"(39.975022461814916, 116.26283704572099)"
75,8043411,520871.0,0.0208767309578,0.80602526725,"(39.802066486972144, 116.43692848769051)"
76,6829325,520148.0,0.0210318279705,0.810495626822,"(40.079694519317158, 116.58229777256741)"
77,9400474,515718.0,0.0211856040519,0.810495626822,"(39.944474393530996, 116.27456037514655)"
78,6970961,512853.0,0.0213385258516,0.810495626822,"(39.897304582210239, 116.56529894490036)"
79,9184887,509448.0,0.0214904323531,0.810787172012,"(39.910781671159029, 116.30035169988277)"
80,7950510,509150.0,0.0216422499973,0.810787172012,"(39.874393530997303, 116.44806565064479)"
81,8195461,508524.0,0.0217938809817,0.811467444121,"(39.897304582210239, 116.4187573270809)"
82,7475655,507847.0,0.0219453100992,0.81156462585,"(39.987151841868823, 116.50492379835875)"
83,7558804,504017.0,0.0220955971926,0.813022351798,"(39.934591194968554, 116.49495896834702)"
84,7573658,503844.0,0.0222458327011,0.813702623907,"(40.006469002695418, 116.49320046893318)"
85,8083087,503219.0,0.0223958818479,0.813896987366,"(40.023090745732254, 116.43223915592029)"
86,8097241,502999.0,0.0225458653955,0.813994169096,"(39.780503144654084, 116.43048065650645)"
87,4791716,501377.0,0.0226953652973,0.814091350826,"(40.061275831087151, 116.826143024619)"
88,8298249,498941.0,0.022844138836,0.814382896016,"(39.865858041329737, 116.40644783118407)"
89,7754664,495767.0,0.0229919659558,0.823129251701,"(39.907637017070975, 116.47151230949591)"
90,5996420,495427.0,0.0231396916948,0.823129251701,"(39.969631626235397, 116.68194607268465)"
91,6981143,494682.0,0.0232871952908,0.82351797862,"(40.070709793351298, 116.5641266119578)"
92,9072198,494592.0,0.0234346720507,0.82934888241,"(39.895058400718774, 116.31383352872216)"
93,9517826,489470.0,0.0235806215397,0.830320699708,"(39.854627133872413, 116.26049237983588)"
94,7979788,485325.0,0.0237253350783,0.832458697765,"(39.824977538185081, 116.44454865181712)"
95,7715587,482948.0,0.0238693398463,0.833236151603,"(39.955705300988321, 116.47620164126613)"
96,7490243,482723.0,0.0240132775242,0.833236151603,"(39.939532794249772, 116.50316529894491)"
97,7852765,482645.0,0.0241571919441,0.833430515063,"(39.970979335130281, 116.45978898007034)"
98,8259172,481554.0,0.0243007810512,0.836540330418,"(39.913926325247076, 116.41113716295429)"
99,7975173,481350.0,0.0244443093298,0.837803692906,"(39.952111410601972, 116.44513481828839)"
100,7539349,480829.0,0.0245876822573,0.837900874636,"(39.996136567834682, 116.49730363423213)"
101,9062405,480707.0,0.0247310188071,0.845675413022,"(39.896406109613658, 116.31500586166472)"
102,6976249,480375.0,0.0248742563615,0.845772594752,"(40.072506738544476, 116.56471277842908)"
103,8151436,479204.0,0.0250171447488,0.846064139942,"(39.922911051212935, 116.4240328253224)"
104,6177948,476406.0,0.0251591988323,0.846064139942,"(40.105300988319854, 116.66025791324736)"
105,6844012,474378.0,0.0253006482096,0.847424684159,"(40.076549865229111, 116.58053927315358)"
106,6848909,471802.0,0.0254413294788,0.848202137998,"(40.076100628930817, 116.5799531066823)"
107,9072199,466792.0,0.025580516873,0.853352769679,"(39.895507637017069, 116.31383352872216)"
108,9346311,462728.0,0.0257184924694,0.853352769679,"(39.816442048517516, 116.2810082063306)"
109,6848910,461894.0,0.0258562193848,0.855004859086,"(40.076549865229111, 116.5799531066823)"
110,6839101,458676.0,0.0259929867613,0.855490767736,"(40.070709793351298, 116.58112543962486)"
111,9052607,458666.0,0.0261297511561,0.857531584062,"(39.895507637017069, 116.31617819460728)"
112,9150595,454876.0,0.026265385454,0.862001943635,"(39.90808625336927, 116.30445486518171)"
113,7602967,451206.0,0.0263999254363,0.862390670554,"(39.970979335130281, 116.48968347010552)"
114,7607865,449568.0,0.026533977002,0.862973760933,"(39.970979335130281, 116.48909730363424)"
115,8665907,444395.0,0.0266664860897,0.863070942663,"(40.004222821203953, 116.36248534583822)"
116,6839100,443659.0,0.0267987757179,0.863654033042,"(40.070260557053011, 116.58112543962486)"
117,6839102,443610.0,0.0269310507354,0.863848396501,"(40.071159029649593, 116.58112543962486)"
118,7107790,443243.0,0.0270632163214,0.863848396501,"(39.755795148247977, 116.54888628370458)"
119,6804829,441787.0,0.0271949477593,0.86443148688,"(40.076999101527399, 116.5852286049238)"
120,11051190,441354.0,0.0273265500858,0.86452866861,"(39.984905660377358, 116.07702227432591)"
121,7505067,438267.0,0.0274572319349,0.86462585034,"(39.997933513027853, 116.50140679953107)"
122,6079759,435983.0,0.0275872327441,0.86472303207,"(40.002425876010783, 116.67198124267293)"
123,6819522,434328.0,0.0277167400677,0.865500485909,"(40.076549865229111, 116.58347010550997)"
124,7068539,434038.0,0.0278461609194,0.865597667638,"(39.725696316262351, 116.5535756154748)"
125,7808838,432777.0,0.0279752057679,0.865694849368,"(40.04061096136568, 116.46506447831185)"
126,7426731,431982.0,0.0281040135644,0.865694849368,"(40.012309074573224, 116.51078546307151)"
127,5369350,431411.0,0.0282326511009,0.865694849368,"(39.913027852650494, 116.75697538100822)"
128,7965376,430372.0,0.0283609788299,0.866375121477,"(39.951662174303685, 116.44630715123095)"
129,6961298,428411.0,0.0284887218305,0.866472303207,"(39.957053009883197, 116.56647127784291)"
130,7593529,426521.0,0.0286159012736,0.866472303207,"(40.131805929919139, 116.49085580304808)"
131,6839098,424230.0,0.0287423975895,0.866861030126,"(40.069362084456422, 116.58112543962486)"
132,6839099,424201.0,0.0288688852581,0.867249757046,"(40.069811320754717, 116.58112543962486)"
133,6829286,421602.0,0.0289945979606,0.867541302235,"(40.062174303683733, 116.58229777256741)"
134,6829287,419875.0,0.0291197957085,0.868124392614,"(40.062623539982027, 116.58229777256741)"
135,8592244,417469.0,0.0292442760387,0.868221574344,"(39.917520215633424, 116.37127784290739)"
136,7725406,415177.0,0.0293680729435,0.868804664723,"(39.966037735849056, 116.47502930832357)"
137,8410725,414490.0,0.0294916649996,0.868901846453,"(39.785893980233602, 116.39296600234468)"
138,9013409,414394.0,0.0296152284306,0.871428571429,"(39.889218328840968, 116.3208675263775)"
139,7754662,413443.0,0.0297385082936,0.875413022352,"(39.906738544474393, 116.47151230949591)"
140,8313195,413413.0,0.0298617792114,0.875413022352,"(39.979065588499552, 116.40468933177023)"
141,8802907,412802.0,0.029984867942,0.879591836735,"(39.939532794249772, 116.34607268464245)"
142,8249328,411983.0,0.0301077124642,0.884353741497,"(39.892362982929022, 116.41230949589684)"
143,2764419,411882.0,0.0302305268705,0.884450923226,"(40.274663072776278, 117.06881594372803)"
144,7505066,409976.0,0.0303527729483,0.884450923226,"(39.997484276729558, 116.50140679953107)"
145,9214212,409356.0,0.0304748341554,0.884645286686,"(39.882479784366573, 116.2968347010551)"
146,7593268,408526.0,0.0305966478742,0.884742468416,"(40.014555256064689, 116.49085580304808)"
147,7891689,408076.0,0.0307183274126,0.884742468416,"(39.854177897574125, 116.45509964830012)"
148,5673564,407359.0,0.030839793157,0.884839650146,"(40.154716981132076, 116.72063305978898)"
149,7549175,406986.0,0.0309611476807,0.884936831876,"(40.009613656783465, 116.49613130128957)"
150,7955307,405501.0,0.0310820594092,0.884936831876,"(39.829020664869716, 116.44747948417351)"
151,8121735,405409.0,0.0312029437052,0.884936831876,"(39.782300089847261, 116.42754982415006)"
152,8200261,405108.0,0.0313237382495,0.885034013605,"(39.853279424977536, 116.41817116060962)"
153,7867300,404851.0,0.0314444561619,0.885519922255,"(39.899550763701704, 116.45803048065652)"
154,7563865,403876.0,0.0315648833501,0.885714285714,"(40.007816711590294, 116.49437280187574)"
155,7264911,402652.0,0.0316849455677,0.885714285714,"(39.928751123090741, 116.53012895662368)"
156,10198311,400494.0,0.0318043643158,0.885811467444,"(39.703234501347708, 116.17901524032825)"
157,7470811,399483.0,0.0319234816054,0.885811467444,"(40.011410601976635, 116.50550996483001)"
158,8890963,398491.0,0.0320423031017,0.886103012634,"(39.891015274034139, 116.33552168815945)"
159,9341635,397721.0,0.0321608950005,0.886588921283,"(39.91617250673854, 116.28159437280188)"
160,7568766,397552.0,0.0322794365072,0.886686103013,"(40.00916442048517, 116.49378663540446)"
161,8381755,397019.0,0.0323978190846,0.886880466472,"(39.973674752920033, 116.39648300117234)"
162,8195432,395366.0,0.0325157087728,0.886880466472,"(39.884276729559744, 116.4187573270809)"
163,8131760,394175.0,0.0326332433302,0.886977648202,"(39.885175202156333, 116.4263774912075)"
164,8558009,393807.0,0.0327506681579,0.887172011662,"(39.94043126684636, 116.37538100820633)"
165,6593279,392204.0,0.0328676150053,0.887269193392,"(39.656513926325246, 116.61043376318875)"
166,2887586,391690.0,0.0329844085888,0.887269193392,"(40.596765498652289, 117.05416178194608)"
167,7451415,391133.0,0.0331010360869,0.887269193392,"(40.099460916442048, 116.50785463071513)"
168,8401095,390746.0,0.0332175481899,0.887852283771,"(39.860467205750226, 116.39413833528722)"
169,4786229,390677.0,0.0333340397185,0.887852283771,"(39.796675651392633, 116.82672919109028)"
170,9454759,389484.0,0.03345017552,0.887852283771,"(40.127313566936209, 116.26811254396249)"
171,6834195,388439.0,0.0335659997249,0.887852283771,"(40.067115902964957, 116.58171160609614)"
172,9816703,387252.0,0.0336814699917,0.88804664723,"(39.89910152740341, 116.22473622508792)"
173,8219677,386999.0,0.0337968648194,0.88804664723,"(39.774213836477983, 116.41582649472451)"
174,8078004,386001.0,0.0339119620648,0.890767735666,"(39.939982030548066, 116.43282532239157)"
175,10687992,385669.0,0.0340269603149,0.890767735666,"(39.649775381850851, 116.12039859320048)"
176,8038590,385298.0,0.0341418479407,0.890767735666,"(39.8366576819407, 116.43751465416179)"
177,6834194,384282.0,0.0342564326171,0.890962099125,"(40.066666666666663, 116.58171160609614)"
178,8445168,382776.0,0.0343705682364,0.890962099125,"(39.85642407906559, 116.38886283704572)"
179,8293512,382273.0,0.0344845538719,0.891156462585,"(39.938185085354895, 116.40703399765533)"
180,8650941,381734.0,0.0345983787891,0.892225461613,"(39.882030548068279, 116.36424384525206)"
181,6829314,381185.0,0.0347120400063,0.892808551992,"(40.074752920035941, 116.58229777256741)"
182,8513746,380762.0,0.0348255750939,0.893780369291,"(39.859119496855342, 116.38065650644783)"
183,9072113,380060.0,0.0349389008601,0.89387755102,"(39.856873315363877, 116.31383352872216)"
184,6839103,379594.0,0.0350520876751,0.89397473275,"(40.071608265947887, 116.58112543962486)"
185,8411072,378468.0,0.0351649387409,0.89397473275,"(39.941778975741236, 116.39296600234468)"
186,7583465,378168.0,0.0352777003532,0.89416909621,"(40.011410601976635, 116.49202813599062)"
187,7847311,378048.0,0.035390426184,0.89436345967,"(39.721203953279421, 116.46037514654162)"
188,9336766,377985.0,0.0355031332296,0.894655004859,"(39.929200359389036, 116.28218053927316)"
189,8665559,377788.0,0.035615781534,0.894752186589,"(39.847888589398025, 116.36248534583822)"
190,7891864,377597.0,0.0357283728863,0.898153547133,"(39.932794249775384, 116.45509964830012)"
191,7603324,377362.0,0.0358408941666,0.898153547133,"(40.131356693620845, 116.48968347010552)"
192,6285786,376515.0,0.0359531628896,0.898250728863,"(40.142138364779875, 116.64736225087925)"
193,8366287,375997.0,0.0360652771561,0.898250728863,"(39.625965858041326, 116.39824150058617)"
194,10291452,375967.0,0.0361773824772,0.898250728863,"(39.738724168912846, 116.16787807737398)"
195,7740121,374781.0,0.0362891341585,0.898931000972,"(39.975471698113203, 116.47327080890973)"
196,9057507,374112.0,0.0364006863583,0.90019436346,"(39.896406109613658, 116.315592028136)"
197,10830379,374052.0,0.0365122206673,0.90019436346,"(39.804761904761904, 116.10339976553341)"
198,10169418,373482.0,0.0366235850146,0.90019436346,"(39.925606469002695, 116.18253223915593)"
199,9992863,373285.0,0.0367348906207,0.90029154519,"(39.823629829290205, 116.20363423212193)"
200,5384601,373116.0,0.0368461458346,0.90029154519,"(40.163252470799641, 116.75521688159438)"
201,7084015,373079.0,0.0369573900158,0.900485908649,"(40.076999101527399, 116.55181711606097)"
202,7485504,372226.0,0.0370683798507,0.900583090379,"(40.010961365678348, 116.50375146541619)"
203,7549089,371817.0,0.0371792477306,0.900777453839,"(39.970979335130281, 116.49613130128957)"
204,7980072,371338.0,0.0372899727829,0.901166180758,"(39.952560646900267, 116.44454865181712)"
205,8254244,370546.0,0.0374004616777,0.903109815355,"(39.900449236298293, 116.41172332942556)"
206,7132387,369570.0,0.0375106595502,0.903109815355,"(39.803863432165315, 116.54595545134819)"
207,7744894,369450.0,0.0376208216413,0.903109815355,"(39.919317160826594, 116.47268464243845)"
208,9297245,368857.0,0.0377308069124,0.903206997085,"(39.777807726864332, 116.28686987104338)"
209,10257583,368631.0,0.0378407247952,0.903206997085,"(39.926055705300989, 116.17198124267293)"
210,7461015,368553.0,0.03795061942,0.903206997085,"(40.011410601976635, 116.50668229777257)"
211,1108722,368366.0,0.0380604582855,0.903206997085,"(40.196945193171608, 117.26694021101993)"
212,6834192,368273.0,0.0381702694203,0.903304178814,"(40.065768194070081, 116.58171160609614)"
213,8538301,367649.0,0.0382798944916,0.905442176871,"(39.888319856244387, 116.37772567409145)"
214,8121990,365897.0,0.0383889971541,0.905442176871,"(39.896855345911945, 116.42754982415006)"
215,10532177,365427.0,0.0384979596725,0.905539358601,"(40.063522012578616, 116.13915592028137)"
216,8641292,364893.0,0.0386067629636,0.907774538387,"(39.948068283917337, 116.36541617819461)"
217,7573662,364873.0,0.0387155602911,0.907774538387,"(40.008265947888589, 116.49320046893318)"
218,6858640,364560.0,0.0388242642888,0.908551992225,"(40.04690026954178, 116.57878077373975)"
219,8331965,363271.0,0.0389325839341,0.908551992225,"(39.609793351302784, 116.40234466588512)"
220,9488606,362653.0,0.0390407193051,0.908551992225,"(39.930098831985624, 116.26400937866354)"
221,6623252,362453.0,0.0391487950404,0.908649173955,"(39.919317160826594, 116.60691676436109)"
222,9949574,362376.0,0.0392568478159,0.908649173955,"(40.179874213836477, 116.20890973036343)"
223,7794048,361293.0,0.0393645776639,0.909329446064,"(39.997484276729558, 116.46682297772568)"
224,7881327,361100.0,0.0394722499635,0.909329446064,"(39.599910152740343, 116.45627198124268)"
225,10594998,360804.0,0.0395798340022,0.909329446064,"(39.680323450134772, 116.13153575615475)"
226,8803141,359922.0,0.0396871550474,0.909329446064,"(40.044654088050315, 116.34607268464245)"
227,9263202,359711.0,0.0397944131769,0.909329446064,"(39.886972147349503, 116.29097303634232)"
228,7465913,359114.0,0.0399014932937,0.909426627794,"(40.011410601976635, 116.50609613130129)"
229,6334810,359040.0,0.0400085513454,0.909523809524,"(40.161904761904758, 116.64150058616647)"
230,8778399,358961.0,0.0401155858409,0.91195335277,"(39.931446540880501, 116.34900351699883)"
231,8259306,358877.0,0.0402225952894,0.912730806608,"(39.974123989218327, 116.41113716295429)"
232,9317317,358611.0,0.0403295254224,0.912827988338,"(39.993441150044923, 116.28452520515827)"
233,8509557,357966.0,0.0404362632302,0.912827988338,"(40.177628032345012, 116.38124267291911)"
234,4658682,356925.0,0.040542690634,0.912827988338,"(39.707277628032344, 116.84196951934349)"
235,8621568,356879.0,0.0406491043217,0.914285714286,"(39.888769092542674, 116.36776084407973)"
236,7886965,356834.0,0.0407555045913,0.915257531584,"(39.932345013477089, 116.4556858147714)"
237,8249327,356799.0,0.0408618944246,0.916520894072,"(39.891913746630728, 116.41230949589684)"
238,8293350,356357.0,0.040968152463,0.916715257532,"(39.865408805031443, 116.40703399765533)"
239,8601895,356053.0,0.0410743198551,0.916909620991,"(39.852380952380948, 116.37010550996483)"
240,8029069,354868.0,0.0411801339055,0.91739552964,"(39.96019766397125, 116.43868698710435)"
241,1808973,353832.0,0.0412856390429,0.91739552964,"(40.123719676549861, 117.1831184056272)"
242,6824419,352947.0,0.0413908802922,0.91739552964,"(40.076100628930817, 116.58288393903869)"
243,7549079,352943.0,0.0414961203488,0.91739552964,"(39.966486972147351, 116.49613130128957)"
244,7798900,352846.0,0.041601331482,0.91739552964,"(39.976819407008087, 116.4662368112544)"
245,7514570,352477.0,0.0417064325874,0.91768707483,"(39.866307277628032, 116.50023446658852)"
246,6829289,352203.0,0.0418114519918,0.91778425656,"(40.063522012578616, 116.58229777256741)"
247,8117111,351951.0,0.0419163962552,0.91778425656,"(39.90539083557951, 116.42813599062134)"
248,6834196,351950.0,0.0420213402204,0.91778425656,"(40.067565139263252, 116.58171160609614)"
249,6446444,351201.0,0.0421260608498,0.91788143829,"(39.703683737646003, 116.62801875732708)"
250,6271089,350649.0,0.0422306168847,0.91788143829,"(40.140790655884992, 116.64912075029309)"
251,9787421,350445.0,0.0423351120911,0.91788143829,"(39.946720575022461, 116.2282532239156)"
252,9219745,349536.0,0.0424393362531,0.91788143829,"(40.167744833782571, 116.29624853458382)"
253,5776473,349314.0,0.0425434942195,0.91788143829,"(40.177628032345012, 116.70832356389215)"
254,9650078,348785.0,0.0426474944493,0.91788143829,"(39.857322551662172, 116.24466588511137)"
255,8298498,348176.0,0.0427513130884,0.91788143829,"(39.977717879604668, 116.40644783118407)"
256,6785238,348150.0,0.0428551239749,0.918075801749,"(40.077448337825693, 116.58757327080892)"
257,6809727,347306.0,0.0429586831986,0.918075801749,"(40.076999101527399, 116.58464243845252)"
258,6839097,346839.0,0.0430621031729,0.918172983479,"(40.068912848158128, 116.58112543962486)"
259,6961551,346486.0,0.0431654178901,0.918172983479,"(40.070709793351298, 116.56647127784291)"
260,8234728,346452.0,0.0432687224693,0.918270165209,"(39.934591194968554, 116.41406799531067)"
261,6795036,346213.0,0.0433719557838,0.918853255588,"(40.078346810422282, 116.58640093786636)"
262,8988912,346175.0,0.0434751777675,0.918853255588,"(39.886073674752922, 116.32379835873388)"
263,8083497,346067.0,0.0435783675479,0.918853255588,"(40.207277628032344, 116.43223915592029)"
264,4188728,346063.0,0.0436815561355,0.918853255588,"(39.82138364779874, 116.89824150058617)"
265,7215544,345915.0,0.0437847005928,0.918950437318,"(39.754896675651388, 116.53599062133647)"
266,5555752,345135.0,0.0438876124707,0.918950437318,"(40.03791554357592, 116.73470105509965)"
267,6956400,344926.0,0.0439904620293,0.918950437318,"(39.957053009883197, 116.56705744431419)"
268,6270434,344571.0,0.0440932057345,0.918950437318,"(39.846540880503142, 116.64912075029309)"
269,8577209,343620.0,0.0441956658718,0.919047619048,"(39.764330637915542, 116.37303634232123)"
270,6828962,343476.0,0.0442980830714,0.919047619048,"(39.916621743036835, 116.58229777256741)"
271,9018610,343065.0,0.0444003777196,0.919047619048,"(40.025336927223719, 116.32028135990622)"
272,5579930,342820.0,0.044502599314,0.919047619048,"(39.897753818508534, 116.73177022274326)"
273,8841664,342043.0,0.0446045892236,0.919047619048,"(39.747708894878706, 116.34138335287223)"
274,6608448,342009.0,0.0447065689952,0.919144800777,"(39.869901168014373, 116.60867526377491)"
275,6373407,341841.0,0.0448084986727,0.919144800777,"(39.898203054806828, 116.63681125439625)"
276,8122102,341622.0,0.0449103630491,0.919533527697,"(39.947169811320755, 116.42754982415006)"
277,7445988,341617.0,0.0450122259347,0.919533527697,"(39.861814914645102, 116.50844079718641)"
278,5233051,341221.0,0.0451139707415,0.919533527697,"(40.292632524707997, 116.77338804220399)"
279,6359248,341072.0,0.0452156711197,0.919533527697,"(40.138544474393527, 116.63856975381009)"
280,7103579,341041.0,0.0453173622543,0.919922254616,"(40.064420485175198, 116.54947245017586)"
281,7514881,340533.0,0.0454189019142,0.919922254616,"(40.006019766397124, 116.50023446658852)"
282,7113391,340491.0,0.0455204290506,0.920019436346,"(40.071608265947887, 116.5483001172333)"
283,10130207,340408.0,0.0456219314382,0.920019436346,"(39.913477088948788, 116.18722157092616)"
284,8533403,340265.0,0.0457233911863,0.920699708455,"(39.888319856244387, 116.37831184056273)"
285,7935781,339500.0,0.0458246228277,0.920699708455,"(39.858670260557055, 116.44982415005862)"
286,8411060,339469.0,0.0459258452255,0.920796890185,"(39.936388140161725, 116.39296600234468)"
287,8621591,339429.0,0.0460270556963,0.922448979592,"(39.89910152740341, 116.36776084407973)"
288,7171469,339409.0,0.0461282602034,0.922448979592,"(39.758041329739441, 116.54126611957797)"
289,9175190,339164.0,0.0462293916568,0.922546161322,"(39.955256064690026, 116.30152403282533)"
290,10086200,338985.0,0.0463304697362,0.922546161322,"(39.947169811320755, 116.19249706916764)"
291,6834193,338411.0,0.0464313766611,0.922546161322,"(40.066217430368376, 116.58171160609614)"
292,9184820,338096.0,0.0465321896597,0.92351797862,"(39.880682839173403, 116.30035169988277)"
293,7166919,338091.0,0.0466330011674,0.92351797862,"(39.91437556154537, 116.54185228604925)"
294,7568761,337601.0,0.0467336665676,0.92351797862,"(40.006918238993713, 116.49378663540446)"
295,8068170,337316.0,0.0468342469869,0.924101068999,"(39.922911051212935, 116.43399765533412)"
296,8244429,337252.0,0.0469348083228,0.924489795918,"(39.891913746630728, 116.41289566236811)"
297,10502170,337103.0,0.04703532523,0.924489795918,"(39.785444743935308, 116.14267291910903)"
298,6353775,336876.0,0.0471357744507,0.924489795918,"(39.880233602875109, 116.63915592028137)"
299,8783550,336875.0,0.0472362233732,0.924489795918,"(40.045103324348609, 116.34841735052755)"
300,8934682,336578.0,0.0473365837367,0.924489795918,"(39.727942497753816, 116.33024618991794)"
301,7999689,336516.0,0.0474369256131,0.925072886297,"(39.963791554357591, 116.44220398593201)"
302,6833239,336417.0,0.0475372379698,0.925072886297,"(39.637646001796945, 116.58171160609614)"
303,5399355,336261.0,0.0476375038107,0.925072886297,"(40.190206648697213, 116.75345838218054)"
304,6829290,335476.0,0.0477375355813,0.925072886297,"(40.063971248876911, 116.58229777256741)"
305,7896672,335178.0,0.0478374784947,0.925655976676,"(39.892362982929022, 116.45451348182884)"
306,8596470,335032.0,0.0479373778741,0.925655976676,"(39.61563342318059, 116.37069167643611)"
307,6227334,334979.0,0.0480372614499,0.925655976676,"(40.287690925426773, 116.6543962485346)"
308,5922558,334790.0,0.04813708867,0.925655976676,"(39.793530997304579, 116.69073856975382)"
309,11407965,334777.0,0.0482369120138,0.925655976676,"(39.634950584007186, 116.03423212192263)"
310,8557788,334599.0,0.0483366822818,0.925655976676,"(39.84115004492363, 116.37538100820633)"
311,8234837,333255.0,0.0484360517977,0.925753158406,"(39.983557951482481, 116.41406799531067)"
312,3542721,332422.0,0.0485351729308,0.925753158406,"(40.059029649595686, 116.97561547479485)"
313,9032959,332316.0,0.048634262457,0.925753158406,"(39.870350404312667, 116.31852286049238)"
314,8528505,332153.0,0.0487333033801,0.926627793975,"(39.888319856244387, 116.37889800703401)"
315,7235366,331789.0,0.0488322357662,0.926724975705,"(39.858221024258761, 116.53364595545135)"
316,9077098,331652.0,0.0489311273018,0.927210884354,"(39.895956873315363, 116.31324736225089)"
317,7030296,331557.0,0.0490299905104,0.927210884354,"(40.148427672955975, 116.55826494724502)"
318,9811689,331483.0,0.0491288316538,0.927210884354,"(39.846990116801436, 116.2253223915592)"
319,6853743,331106.0,0.0492275603838,0.927696793003,"(40.047349505840067, 116.57936694021103)"
320,7842805,330958.0,0.0493262449835,0.927696793003,"(39.897304582210239, 116.4609613130129)"
321,8508878,330914.0,0.0494249164632,0.927988338192,"(39.872596585804132, 116.38124267291911)"
322,8234594,330840.0,0.0495235658778,0.927988338192,"(39.874393530997303, 116.41406799531067)"
323,8553111,330809.0,0.0496222060488,0.927988338192,"(39.94043126684636, 116.37596717467761)"
324,11016809,330186.0,0.0497206604546,0.927988338192,"(39.942228212039531, 116.08112543962486)"
325,9885943,329824.0,0.0498190069196,0.927988338192,"(40.199191374663073, 116.21652989449004)"
326,6834197,329590.0,0.0499172836109,0.927988338192,"(40.068014375561546, 116.58171160609614)"
327,6808754,329579.0,0.0500155570222,0.927988338192,"(39.63989218328841, 116.58464243845252)"
328,8278610,329447.0,0.050113791074,0.927988338192,"(39.844743935309971, 116.40879249706917)"
329,6798957,329389.0,0.0502120078313,0.927988338192,"(39.639442946990116, 116.58581477139508)"
330,7431628,328627.0,0.0503099973766,0.927988338192,"(40.01185983827493, 116.51019929660023)"
331,8533134,328428.0,0.0504079275843,0.927988338192,"(39.767475292003596, 116.37831184056273)"
332,7734649,328384.0,0.0505058446722,0.927988338192,"(39.71761006289308, 116.47385697538101)"
333,6289798,328338.0,0.0506037480438,0.927988338192,"(39.744115004492365, 116.64677608440797)"
334,6834213,328164.0,0.0507015995324,0.928085519922,"(40.075202156334228, 116.58171160609614)"
335,8915628,328087.0,0.0507994280612,0.928571428571,"(39.969631626235397, 116.33259085580305)"
336,11001648,327866.0,0.0508971906925,0.928571428571,"(39.732434860736745, 116.08288393903869)"
337,6844005,327663.0,0.0509948927936,0.928668610301,"(40.073405211141058, 116.58053927315358)"
338,10869530,327465.0,0.0510925358553,0.928668610301,"(39.789937106918238, 116.09871043376319)"
339,2563388,327251.0,0.0511901151068,0.928668610301,"(40.178975741239888, 117.09284876905042)"
340,7616832,326903.0,0.0512875905921,0.928668610301,"(39.598562443845459, 116.48792497069168)"
341,8063272,326834.0,0.0513850455031,0.92934888241,"(39.922911051212935, 116.4345838218054)"
342,5927881,326807.0,0.0514824923633,0.92934888241,"(39.984456424079063, 116.69015240328254)"
343,320108,326484.0,0.0515798429118,0.92934888241,"(40.180772686433059, 117.36131301289566)"
344,6216698,326367.0,0.0516771585734,0.92934888241,"(39.910332434860734, 116.65556858147714)"
345,7886964,326183.0,0.0517744193701,0.9296404276,"(39.931895777178795, 116.4556858147714)"
346,7715222,325764.0,0.05187155523,0.9296404276,"(39.791734052111408, 116.47620164126613)"
347,12284894,325473.0,0.0519686043199,0.9296404276,"(39.718957771787956, 115.9293083235639)"
348,7004858,325162.0,0.0520655606762,0.9296404276,"(39.722551662174304, 116.56119577960142)"
349,6824418,324893.0,0.0521624368225,0.929737609329,"(40.075651392632523, 116.58288393903869)"
350,10429471,324329.0,0.0522591447961,0.929834791059,"(40.131805929919139, 116.1514654161782)"
351,6447543,323793.0,0.0523556929459,0.929834791059,"(40.197394429469902, 116.62801875732708)"
352,8269048,323559.0,0.0524521713219,0.929834791059,"(39.949865229110507, 116.40996483001173)"
353,6790137,323321.0,0.0525485787315,0.929834791059,"(40.077897574123988, 116.58698710433764)"
354,6829288,323215.0,0.052644954534,0.929834791059,"(40.063072776280322, 116.58229777256741)"
355,7891773,322961.0,0.0527412545992,0.930126336249,"(39.891913746630728, 116.45509964830012)"
356,8523595,322955.0,0.0528375528754,0.930126336249,"(39.882929020664868, 116.37948417350528)"
357,10948112,322793.0,0.0529338028466,0.930126336249,"(39.886073674752922, 116.08933177022274)"
358,10370122,322762.0,0.0530300435742,0.930417881438,"(39.874393530997303, 116.15849941383354)"
359,6834191,322582.0,0.0531262306298,0.930612244898,"(40.065318957771787, 116.58171160609614)"
360,9224610,322424.0,0.053222370573,0.930709426628,"(40.152920035938905, 116.29566236811254)"
361,6829285,322194.0,0.0533184419352,0.930806608358,"(40.061725067385446, 116.58229777256741)"
362,6956654,322071.0,0.0534144766215,0.930806608358,"(40.071159029649593, 116.56705744431419)"
363,6295098,321984.0,0.0535104853662,0.930806608358,"(39.924707996406106, 116.6461899179367)"
364,8582600,321940.0,0.053606480991,0.931000971817,"(39.985804132973939, 116.37245017584995)"
365,6127977,321938.0,0.0537024760195,0.931000971817,"(39.660107816711587, 116.66611957796015)"
366,7485501,321897.0,0.0537984588227,0.931000971817,"(40.009613656783465, 116.50375146541619)"
367,7495146,321385.0,0.0538942889584,0.931000971817,"(39.941778975741236, 116.50257913247363)"
368,2641660,321135.0,0.0539900445494,0.931000971817,"(40.135849056603774, 117.08347010550997)"
369,7544247,321124.0,0.0540857968605,0.931000971817,"(39.996136567834682, 116.49671746776085)"
370,9062406,321077.0,0.0541815351572,0.931778425656,"(39.896855345911945, 116.31500586166472)"
371,4227856,320980.0,0.0542772445305,0.931778425656,"(39.796226415094338, 116.89355216881594)"
372,5344814,320924.0,0.0543729372059,0.931778425656,"(39.892362982929022, 116.7599062133646)"
373,5433388,320710.0,0.054468566071,0.931778425656,"(40.076549865229111, 116.7493552168816)"
374,11295538,320237.0,0.0545640538977,0.931778425656,"(39.736927223719675, 116.04771395076202)"
375,7313885,320128.0,0.0546595092229,0.931778425656,"(39.926055705300989, 116.5242672919109)"
376,10458731,319710.0,0.0547548399094,0.931875607386,"(40.074303683737647, 116.14794841735053)"
377,7916257,319359.0,0.0548500659352,0.931875607386,"(39.889218328840968, 116.45216881594374)"
378,5384470,319083.0,0.0549452096637,0.931875607386,"(40.104402515723272, 116.75521688159438)"
379,10874535,319011.0,0.0550403319234,0.931875607386,"(39.838005390835576, 116.09812426729192)"
380,9062396,318919.0,0.0551354267506,0.932167152575,"(39.892362982929022, 116.31500586166472)"
381,8376770,318909.0,0.055230518596,0.932167152575,"(39.934591194968554, 116.39706916764362)"
382,8249509,318858.0,0.0553255952344,0.932167152575,"(39.973674752920033, 116.41230949589684)"
383,8626892,318852.0,0.0554206700836,0.932167152575,"(40.080143755615453, 116.36717467760845)"
384,10086426,318673.0,0.0555156915589,0.932264334305,"(40.04869721473495, 116.19249706916764)"
385,8543235,318649.0,0.0556107058779,0.932264334305,"(39.904492362982928, 116.37713950762017)"
386,8210230,318566.0,0.0557056954481,0.932264334305,"(39.930997304582206, 116.41699882766706)"
387,7289419,318014.0,0.0558005204237,0.932264334305,"(39.936837376460019, 116.5271981242673)"
388,7832953,317994.0,0.0558953394357,0.932264334305,"(39.872147349505838, 116.46213364595546)"
389,7828055,317806.0,0.0559901023901,0.932264334305,"(39.872147349505838, 116.46271981242674)"
390,11614807,317653.0,0.0560848197232,0.932361516035,"(40.140790655884992, 116.00961313012897)"
391,11349583,317644.0,0.0561795343727,0.932361516035,"(39.811949685534593, 116.04126611957797)"
392,8993584,317570.0,0.0562742269569,0.932458697765,"(39.784546271338719, 116.3232121922626)"
393,8337440,317555.0,0.0563689150685,0.932458697765,"(39.869002695417791, 116.40175849941384)"
394,6981147,317537.0,0.0564635978129,0.932458697765,"(40.072506738544476, 116.5641266119578)"
395,10056406,317188.0,0.0565581764929,0.932458697765,"(39.764779874213836, 116.19601406799532)"
396,8523290,317138.0,0.056652740264,0.932458697765,"(39.745911949685535, 116.37948417350528)"
397,8655784,317067.0,0.0567472828645,0.932458697765,"(39.857322551662172, 116.36365767878078)"
398,5991522,317065.0,0.0568418248685,0.932458697765,"(39.969631626235397, 116.68253223915593)"
399,9336431,316659.0,0.0569362458121,0.932458697765,"(39.778706199460913, 116.28218053927316)"
400,5795053,316469.0,0.0570306101017,0.932555879495,"(39.723000898472598, 116.70597889800705)"
401,4355237,315886.0,0.0571248005532,0.932555879495,"(39.811051212938004, 116.87831184056273)"
402,7451215,315755.0,0.0572189519432,0.932555879495,"(40.009613656783465, 116.50785463071513)"
403,8185723,315583.0,0.0573130520466,0.932944606414,"(39.92336028751123, 116.41992966002346)"
404,8126749,315296.0,0.0574070665727,0.932944606414,"(39.834411500449235, 116.42696365767878)"
405,10046941,314727.0,0.0575009114351,0.932944606414,"(39.913477088948788, 116.19718640093787)"
406,8930371,314597.0,0.0575947175344,0.933624878523,"(39.991644204851752, 116.33083235638922)"
407,8680766,314437.0,0.057688475925,0.933624878523,"(40.078346810422282, 116.36072684642438)"
408,7431627,314327.0,0.057782201516,0.933624878523,"(40.011410601976635, 116.51019929660023)"
409,8332683,314289.0,0.0578759157762,0.934207968902,"(39.932345013477089, 116.40234466588512)"
410,9973273,314030.0,0.0579695528082,0.934207968902,"(39.824528301886794, 116.20597889800705)"
411,8547781,314018.0,0.058063186262,0.934207968902,"(39.74636118598383, 116.37655334114889)"
412,10061073,313557.0,0.0581566822555,0.934207968902,"(39.661006289308176, 116.19542790152404)"
413,7539252,313255.0,0.058250088199,0.934207968902,"(39.952560646900267, 116.49730363423213)"
414,10620319,313125.0,0.0583434553793,0.934207968902,"(40.053638814016168, 116.12860492379836)"
415,10786951,312922.0,0.0584367620293,0.934207968902,"(40.098562443845459, 116.10867526377491)"
416,7965375,312605.0,0.0585299741568,0.934207968902,"(39.951212938005391, 116.44630715123095)"
417,7828166,311949.0,0.058622990679,0.934207968902,"(39.922012578616354, 116.46271981242674)"
418,7916081,311859.0,0.0587159803652,0.934207968902,"(39.810152740341415, 116.45216881594374)"
419,8596914,311660.0,0.0588089107138,0.934207968902,"(39.81509433962264, 116.37069167643611)"
420,6976245,311625.0,0.0589018306262,0.934207968902,"(40.070709793351298, 116.56471277842908)"
421,8543130,311194.0,0.0589946220236,0.934305150632,"(39.857322551662172, 116.37713950762017)"
422,7103822,311091.0,0.0590873827086,0.934305150632,"(40.173584905660377, 116.54947245017586)"
423,7044117,311083.0,0.0591801410081,0.934305150632,"(39.756244384546271, 116.5565064478312)"
424,5619683,310861.0,0.059272833112,0.934305150632,"(40.153369272237192, 116.72708089097304)"
425,8719527,310647.0,0.0593654614057,0.934693877551,"(39.888319856244387, 116.35603751465416)"
426,6839114,310583.0,0.059458070616,0.934693877551,"(40.076549865229111, 116.58112543962486)"
427,9214014,310522.0,0.0595506616373,0.934693877551,"(39.793530997304579, 116.2968347010551)"
428,7470596,310517.0,0.0596432511678,0.934693877551,"(39.914824797843664, 116.50550996483001)"
429,7886876,310492.0,0.0597358332438,0.934985422741,"(39.892362982929022, 116.4556858147714)"
430,7887000,310299.0,0.0598283577713,0.9351797862,"(39.948068283917337, 116.4556858147714)"
431,7941480,310250.0,0.0599208676881,0.9351797862,"(40.218508535489669, 116.44923798358734)"
432,8513791,309672.0,0.0600132052576,0.9351797862,"(39.879335130278527, 116.38065650644783)"
433,7112689,309663.0,0.0601055401435,0.9351797862,"(39.756244384546271, 116.5483001172333)"
434,6745768,309593.0,0.060197854157,0.9351797862,"(39.948966756513926, 116.59226260257914)"
435,7984686,309271.0,0.0602900721569,0.9351797862,"(39.824977538185081, 116.44396248534585)"
436,9636324,308957.0,0.0603821965287,0.93527696793,"(40.279604672057502, 116.24642438452521)"
437,7603088,308941.0,0.0604743161296,0.93527696793,"(40.025336927223719, 116.48968347010552)"
438,5525463,308863.0,0.0605664124727,0.93527696793,"(39.633153638814015, 116.73821805392733)"
439,7289460,308711.0,0.0606584634925,0.93527696793,"(39.955256064690026, 116.5271981242673)"
440,4870672,307830.0,0.0607502518171,0.93527696793,"(40.325426774483375, 116.81676436107855)"
441,7754960,307780.0,0.0608420252326,0.93527696793,"(40.04061096136568, 116.47151230949591)"
442,7847867,307752.0,0.0609337902992,0.93527696793,"(39.970979335130281, 116.46037514654162)"
443,8890752,307693.0,0.0610255377733,0.93527696793,"(39.796226415094338, 116.33552168815945)"
444,7583466,307396.0,0.0611171966883,0.93527696793,"(40.01185983827493, 116.49202813599062)"
445,4865389,307249.0,0.061208811771,0.93527696793,"(40.152470799640611, 116.81735052754983)"
446,5331007,307182.0,0.0613004068758,0.93527696793,"(40.290835579514827, 116.76166471277844)"
447,11575316,306837.0,0.0613918991089,0.93527696793,"(40.00287511230907, 116.01430246189919)"
448,6829292,306736.0,0.061483361226,0.93537414966,"(40.064869721473492, 116.58229777256741)"
449,9561985,306658.0,0.0615748000852,0.93537414966,"(39.889218328840968, 116.25521688159438)"
450,8254225,306629.0,0.0616662302972,0.93556851312,"(39.891913746630728, 116.41172332942556)"
451,10777071,306556.0,0.0617576387421,0.935665694849,"(40.060826594788857, 116.10984759671747)"
452,8254234,306495.0,0.0618490289982,0.935665694849,"(39.895956873315363, 116.41172332942556)"
453,7798802,306374.0,0.0619403831746,0.935860058309,"(39.932794249775384, 116.4662368112544)"
454,8249326,306285.0,0.0620317108132,0.936151603499,"(39.891464510332433, 116.41230949589684)"
455,6834215,306104.0,0.0621229844814,0.936151603499,"(40.076100628930817, 116.58171160609614)"
456,8038804,306033.0,0.0622142369789,0.936151603499,"(39.932794249775384, 116.43751465416179)"
457,8205368,305998.0,0.0623054790402,0.936151603499,"(39.947169811320755, 116.41758499413834)"
458,9145035,305977.0,0.0623967148397,0.936151603499,"(39.610691823899373, 116.30504103165299)"
459,7147403,305960.0,0.0624879455702,0.936151603499,"(39.948517520215631, 116.54419695193435)"
460,9562089,305573.0,0.0625790609056,0.936151603499,"(39.93593890386343, 116.25521688159438)"
461,8180785,305260.0,0.062670082911,0.936151603499,"(39.90539083557951, 116.42051582649474)"
462,6599249,305038.0,0.0627610387208,0.936151603499,"(40.138095238095239, 116.60984759671747)"
463,9047733,304699.0,0.0628518934481,0.936443148688,"(39.906289308176099, 116.31676436107855)"
464,8454943,304648.0,0.0629427329682,0.936443148688,"(39.846990116801436, 116.38769050410318)"
465,7343513,304190.0,0.0630334359226,0.936443148688,"(40.033872416891285, 116.52075029308324)"
466,7911501,303923.0,0.0631240592632,0.936831875607,"(39.953009883198561, 116.45275498241502)"
467,7455494,303858.0,0.0632146632223,0.936831875607,"(39.731536388140164, 116.50726846424385)"
468,8259157,303620.0,0.0633051962148,0.937123420797,"(39.907187780772688, 116.41113716295429)"
469,9316485,303586.0,0.0633957190692,0.937123420797,"(39.619676549865225, 116.28452520515827)"
470,9184476,303581.0,0.0634862404328,0.937123420797,"(39.726145552560645, 116.30035169988277)"
471,2514308,303463.0,0.0635767266113,0.937123420797,"(40.134052111410604, 117.09871043376319)"
472,9885666,303221.0,0.0636671406305,0.937123420797,"(40.074752920035941, 116.21652989449004)"
473,7166413,303055.0,0.0637575051521,0.937123420797,"(39.687061994609167, 116.54185228604925)"
474,2945335,302950.0,0.063847838365,0.937123420797,"(40.13539982030548, 117.04712778429075)"
475,7984926,302937.0,0.0639381677015,0.937512147716,"(39.932794249775384, 116.44396248534585)"
476,8053882,302408.0,0.0640283393015,0.937512147716,"(40.105300988319854, 116.43575615474795)"
477,5457706,302068.0,0.0641184095208,0.937512147716,"(39.999281221922729, 116.74642438452521)"
478,8175858,301996.0,0.0642084582713,0.937803692906,"(39.892362982929022, 116.421101992966)"
479,9062407,301946.0,0.0642984921128,0.937998056365,"(39.897304582210239, 116.31500586166472)"
480,7764447,301942.0,0.0643885247616,0.937998056365,"(39.901796945193169, 116.47033997655335)"
481,11628686,301683.0,0.0644784801821,0.937998056365,"(39.774663072776278, 116.00785463071513)"
482,8067684,301484.0,0.0645683762651,0.937998056365,"(39.704582210242584, 116.43399765533412)"
483,8048624,301169.0,0.0646581784219,0.937998056365,"(39.943575920934407, 116.43634232121923)"
484,8219196,300896.0,0.0647478991758,0.937998056365,"(39.558131176999098, 116.41582649472451)"
485,8552949,300804.0,0.0648375924974,0.937998056365,"(39.867654986522908, 116.37596717467761)"
486,8220608,300804.0,0.0649272858189,0.937998056365,"(40.192452830188678, 116.41582649472451)"
487,9023397,300446.0,0.0650168723925,0.938192419825,"(39.975471698113203, 116.31969519343494)"
488,11232032,300430.0,0.0651064541952,0.938192419825,"(39.81239892183288, 116.05533411488864)"
489,10795835,300285.0,0.065195992762,0.938192419825,"(39.688858939802337, 116.10750293083237)"
490,5834095,300155.0,0.0652854925656,0.938192419825,"(39.659209344115006, 116.70128956623682)"
491,7891865,299999.0,0.0653749458534,0.938581146744,"(39.933243486073671, 116.45509964830012)"
492,8185747,299910.0,0.0654643726032,0.938581146744,"(39.93414195867026, 116.41992966002346)"
493,9440030,299863.0,0.0655537853387,0.938581146744,"(40.111590296495955, 116.26987104337633)"
494,8023730,299675.0,0.0656431420165,0.938581146744,"(39.762084456424077, 116.43927315357563)"
495,6157911,299567.0,0.0657324664911,0.938678328474,"(39.90539083557951, 116.66260257913248)"
496,8249345,299525.0,0.0658217784422,0.939067055394,"(39.899999999999999, 116.41230949589684)"
497,7671577,299225.0,0.0659110009397,0.939164237123,"(39.988050314465404, 116.48147713950763)"
498,8876390,299101.0,0.066000186463,0.939261418853,"(39.945372866127585, 116.33728018757327)"
499,8709883,298958.0,0.0660893293468,0.939261418853,"(39.956603773584902, 116.35720984759672)"
500,8572969,298459.0,0.0661783234395,0.939261418853,"(40.059928122192275, 116.37362250879251)"
501,9052620,298453.0,0.0662673157431,0.939261418853,"(39.901347708894875, 116.31617819460728)"
502,10321246,297788.0,0.0663561097579,0.939261418853,"(39.921114106019765, 116.16436107854631)"
503,10365095,297723.0,0.0664448843911,0.939261418853,"(39.816442048517516, 116.15908558030482)"
504,7832533,297600.0,0.0665336223483,0.939261418853,"(39.683468104222818, 116.46213364595546)"
505,6173047,297265.0,0.0666222604157,0.939261418853,"(40.103953279424978, 116.66084407971864)"
506,10599866,297170.0,0.0667108701561,0.939261418853,"(39.666846361185982, 116.13094958968348)"
507,2489708,297130.0,0.0667994679694,0.939261418853,"(40.084636118598382, 117.10164126611959)"
508,8312947,297056.0,0.0668880437175,0.939261418853,"(39.867654986522908, 116.40468933177023)"
509,7891841,297028.0,0.0669766111166,0.939455782313,"(39.922461814914641, 116.45509964830012)"
510,6991235,296936.0,0.0670651510832,0.939455782313,"(40.203683737646003, 116.56295427901524)"
511,8014313,296898.0,0.067153679719,0.939552964043,"(39.932345013477089, 116.44044548651817)"
512,6779337,296776.0,0.0672421719771,0.939552964043,"(39.626864330637915, 116.5881594372802)"
513,7504974,296639.0,0.0673306233847,0.939552964043,"(39.956154537286608, 116.50140679953107)"
514,7539347,296380.0,0.067418997564,0.939552964043,"(39.995238095238093, 116.49730363423213)"
515,8205459,296348.0,0.0675073622016,0.939747327502,"(39.988050314465404, 116.41758499413834)"
516,8817098,296328.0,0.0675957208756,0.939747327502,"(39.713566936208444, 116.34431418522861)"
517,7200707,295961.0,0.0676839701181,0.939747327502,"(39.690655884995508, 116.53774912075031)"
518,4203421,295301.0,0.0677720225627,0.939747327502,"(39.820934411500446, 116.89648300117234)"
519,10869639,295157.0,0.0678600320695,0.939747327502,"(39.838903863432165, 116.09871043376319)"
520,7426729,295103.0,0.0679480254747,0.939747327502,"(40.011410601976635, 116.51078546307151)"
521,5937327,295082.0,0.0680360126182,0.939747327502,"(39.827223719676546, 116.68898007033998)"
522,6907523,294588.0,0.0681238524614,0.939747327502,"(40.003324348607364, 116.57291910902697)"
523,7842747,294182.0,0.0682115712442,0.939747327502,"(39.871248876909256, 116.4609613130129)"
524,7896761,294131.0,0.0682992748198,0.939844509232,"(39.932345013477089, 116.45451348182884)"
525,8621589,294126.0,0.0683869769045,0.939941690962,"(39.898203054806828, 116.36776084407973)"
526,4198494,294121.0,0.0684746774983,0.939941690962,"(39.80790655884995, 116.89706916764362)"
527,5893643,293955.0,0.0685623285944,0.939941690962,"(40.006019766397124, 116.69425556858148)"
528,9713790,293798.0,0.0686499328766,0.939941690962,"(39.874393530997303, 116.23704572098477)"
529,9390810,293533.0,0.0687374581413,0.940136054422,"(40.003773584905659, 116.27573270808911)"
530,9081996,293413.0,0.0688249476247,0.940330417881,"(39.895956873315363, 116.31266119577961)"
531,8195574,292812.0,0.0689122579027,0.940427599611,"(39.948068283917337, 116.4187573270809)"
532,5849521,292732.0,0.0689995443264,0.940427599611,"(39.988050314465404, 116.69953106682298)"
533,8714629,292325.0,0.0690867093914,0.940524781341,"(39.888319856244387, 116.35662368112544)"
534,6971115,292245.0,0.0691738506022,0.940621963071,"(39.966486972147351, 116.56529894490036)"
535,8621956,292097.0,0.0692609476824,0.940719144801,"(40.063072776280322, 116.36776084407973)"
536,8371897,291653.0,0.0693479123714,0.940719144801,"(39.945822102425872, 116.39765533411489)"
537,2675898,291599.0,0.0694348609588,0.940816326531,"(40.114285714285714, 117.07936694021103)"
538,8386630,291448.0,0.0695217645211,0.94091350826,"(39.963342318059297, 116.39589683470106)"
539,8768620,291215.0,0.0696085986079,0.94130223518,"(39.939083557951484, 116.35017584994139)"
540,10536615,291018.0,0.0696953739534,0.94130223518,"(39.856873315363877, 116.13856975381009)"
541,6211181,290852.0,0.0697820998013,0.94130223518,"(39.632255166217426, 116.65615474794842)"
542,8122444,290802.0,0.0698688107403,0.941496598639,"(40.100808625336924, 116.42754982415006)"
543,9022896,290697.0,0.0699554903705,0.941496598639,"(39.750404312668465, 116.31969519343494)"
544,8582560,290575.0,0.070042133623,0.941496598639,"(39.967834681042227, 116.37245017584995)"
545,8934696,290381.0,0.0701287190287,0.941496598639,"(39.734231805929916, 116.33024618991794)"
546,5497386,290374.0,0.0702153023473,0.941496598639,"(40.22210242587601, 116.74173505275499)"
547,8376684,290089.0,0.0703018006849,0.941496598639,"(39.895956873315363, 116.39706916764362)"
548,6829291,289886.0,0.0703882384922,0.941496598639,"(40.064420485175198, 116.58229777256741)"
549,6256591,289789.0,0.0704746473763,0.941496598639,"(40.228840970350404, 116.65087924970692)"
550,8626464,289561.0,0.0705609882756,0.941593780369,"(39.887870619946092, 116.36717467760845)"
551,8400978,289214.0,0.0706472257069,0.941593780369,"(39.80790655884995, 116.39413833528722)"
552,9027795,289126.0,0.0707334368985,0.941593780369,"(39.750853548966752, 116.31910902696366)"
553,10653887,289122.0,0.0708196468974,0.941593780369,"(39.731087151841869, 116.12450175849942)"
554,8126632,288998.0,0.0709058199222,0.941593780369,"(39.781850853548967, 116.42696365767878)"
555,8117547,288973.0,0.0709919854924,0.941690962099,"(40.101257861635219, 116.42813599062134)"
556,6437737,288965.0,0.0710781486773,0.941690962099,"(40.192902066486973, 116.62919109026964)"
557,7588273,288950.0,0.0711643073895,0.941690962099,"(39.970979335130281, 116.49144196951934)"
558,5022021,288911.0,0.0712504544727,0.941690962099,"(40.105750224618149, 116.79859320046894)"
559,8185703,288560.0,0.0713364968952,0.941982507289,"(39.91437556154537, 116.41992966002346)"
560,7979705,288464.0,0.0714225106925,0.941982507289,"(39.787690925426773, 116.44454865181712)"
561,10874537,288462.0,0.0715085238935,0.941982507289,"(39.838903863432165, 116.09812426729192)"
562,8641290,288418.0,0.0715945239747,0.942079689018,"(39.947169811320755, 116.36541617819461)"
563,4967590,288415.0,0.0716805231613,0.942079689018,"(39.857322551662172, 116.80504103165299)"
564,6995836,288221.0,0.0717664645013,0.942079689018,"(40.070260557053011, 116.56236811254396)"
565,7901570,288126.0,0.0718523775143,0.942079689018,"(39.892362982929022, 116.45392731535756)"
566,5394027,288052.0,0.071938268462,0.942079689018,"(39.997035040431264, 116.75404454865182)"
567,6824427,287696.0,0.0720240532582,0.942079689018,"(40.079694519317158, 116.58288393903869)"
568,8793210,287462.0,0.0721097682806,0.942176870748,"(39.984007187780769, 116.347245017585)"
569,8004021,287115.0,0.072195379835,0.942176870748,"(39.709523809523809, 116.44161781946073)"
570,10306008,287098.0,0.0722809863204,0.942176870748,"(39.676729559748424, 116.16611957796015)"
571,8533402,286999.0,0.0723665632861,0.942371234208,"(39.887870619946092, 116.37831184056273)"
572,7793947,286992.0,0.0724521381645,0.942468415938,"(39.952111410601972, 116.46682297772568)"
573,7886873,286984.0,0.0725377106575,0.942468415938,"(39.891015274034139, 116.4556858147714)"
574,8792978,286822.0,0.0726232348456,0.942468415938,"(39.879784366576821, 116.347245017585)"
575,8253772,286263.0,0.0727085923518,0.942468415938,"(39.688409703504043, 116.41172332942556)"
576,4492414,285850.0,0.0727938267102,0.942468415938,"(39.82587601078167, 116.86189917936694)"
577,6333634,285311.0,0.0728789003504,0.942468415938,"(39.63360287511231, 116.64150058616647)"
578,8415671,285220.0,0.0729639468563,0.942468415938,"(39.807457322551663, 116.3923798358734)"
579,10159319,285205.0,0.0730489888896,0.942468415938,"(39.789487870619944, 116.18370457209848)"
580,8391490,285150.0,0.073134014523,0.942468415938,"(39.946271338724166, 116.39531066822978)"
581,6824417,285034.0,0.0732190055677,0.942468415938,"(40.075202156334228, 116.58288393903869)"
582,10757484,284979.0,0.0733039802126,0.942468415938,"(40.063072776280322, 116.11219226260259)"
583,8602168,284939.0,0.0733889429303,0.942468415938,"(39.975022461814916, 116.37010550996483)"
584,8876282,284865.0,0.0734738835828,0.942565597668,"(39.896855345911945, 116.33728018757327)"
585,10991902,284812.0,0.0735588084318,0.942565597668,"(39.754896675651388, 116.08405627198125)"
586,6844002,284785.0,0.0736437252301,0.942565597668,"(40.072057502246182, 116.58053927315358)"
587,8758755,284696.0,0.0737286154904,0.942565597668,"(39.90808625336927, 116.35134818288394)"
588,8778409,284613.0,0.0738134810019,0.943148688047,"(39.93593890386343, 116.34900351699883)"
589,8626273,284463.0,0.0738983017866,0.943148688047,"(39.802066486972144, 116.36717467760845)"
590,5096175,284278.0,0.0739830674082,0.943148688047,"(40.413027852650494, 116.78980070339978)"
591,9033172,284184.0,0.0740678050011,0.943440233236,"(39.966037735849056, 116.31852286049238)"
592,7597478,283960.0,0.074152475802,0.943440233236,"(39.705480682839173, 116.4902696365768)"
593,9389777,283920.0,0.0742371346757,0.943440233236,"(39.539712488769091, 116.27573270808911)"
594,11094357,283893.0,0.0743217854986,0.943440233236,"(39.573854447439352, 116.07174677608441)"
595,10424577,283858.0,0.0744064258852,0.943440233236,"(40.13360287511231, 116.15205158264948)"
596,6868336,283737.0,0.0744910301923,0.943440233236,"(40.001976639712488, 116.57760844079719)"
597,9527612,283568.0,0.0745755841071,0.943440233236,"(39.85013477088949, 116.25932004689332)"
598,8479067,283501.0,0.074660118044,0.943440233236,"(39.682569631626237, 116.38475967174678)"
599,10594971,283458.0,0.0747446391592,0.943440233236,"(39.668194070080858, 116.13153575615475)"
600,6232138,283318.0,0.0748291185293,0.943440233236,"(40.245462713387241, 116.65381008206332)"
601,8699418,283313.0,0.0749135964086,0.943440233236,"(39.656064690026952, 116.35838218053928)"
602,6986040,283219.0,0.0749980462591,0.943440233236,"(40.070260557053011, 116.56354044548652)"
603,8690456,283096.0,0.0750824594337,0.943537414966,"(40.030727762803231, 116.35955451348184)"
604,8641291,283074.0,0.0751668660483,0.943634596696,"(39.94761904761905, 116.36541617819461)"
605,8709221,283026.0,0.0752512583503,0.943634596696,"(39.659209344115006, 116.35720984759672)"
606,9228855,282970.0,0.0753356339543,0.943634596696,"(39.859568733153637, 116.29507620164127)"
607,12441512,282955.0,0.0754200050857,0.943634596696,"(39.665947888589393, 115.91055099648301)"
608,8508431,282881.0,0.0755043541518,0.943634596696,"(39.671787960467206, 116.38124267291911)"
609,10537323,282516.0,0.0755885943827,0.943634596696,"(40.174932614555253, 116.13856975381009)"
610,8195369,282512.0,0.075672833421,0.943731778426,"(39.855974842767296, 116.4187573270809)"
611,8190677,282300.0,0.0757570092453,0.943828960155,"(39.948517520215631, 116.41934349355218)"
612,8024086,281874.0,0.0758410580456,0.943926141885,"(39.922012578616354, 116.43927315357563)"
613,7950631,281656.0,0.0759250418429,0.943926141885,"(39.928751123090741, 116.44806565064479)"
614,7980028,281645.0,0.0760090223602,0.943926141885,"(39.932794249775384, 116.44454865181712)"
615,9581720,281594.0,0.0760929876705,0.943926141885,"(39.953459119496856, 116.25287221570926)"
616,8082718,281436.0,0.0761769058685,0.944120505345,"(39.857322551662172, 116.43223915592029)"
617,8023316,281229.0,0.0762607623436,0.944120505345,"(39.576100628930817, 116.43927315357563)"
618,8450261,281203.0,0.076344611066,0.944120505345,"(39.944025157232701, 116.38827667057446)"
619,7852738,281064.0,0.0764284183415,0.944120505345,"(39.958849955076367, 116.45978898007034)"
620,7994523,280770.0,0.0765121379526,0.944120505345,"(39.843396226415095, 116.44279015240329)"
621,8195576,280687.0,0.0765958328148,0.944120505345,"(39.948966756513926, 116.4187573270809)"
622,6148162,280595.0,0.0766795002446,0.944120505345,"(39.926504941599276, 116.66377491207504)"
623,8538225,280217.0,0.0767630549629,0.944120505345,"(39.854177897574125, 116.37772567409145)"
624,7984900,280183.0,0.0768465995431,0.944120505345,"(39.921114106019765, 116.44396248534585)"
625,8180790,280006.0,0.0769300913457,0.944412050534,"(39.907637017070975, 116.42051582649474)"
626,6844003,279809.0,0.0770135244071,0.944412050534,"(40.072506738544476, 116.58053927315358)"
627,6834214,279792.0,0.0770969523995,0.944412050534,"(40.075651392632523, 116.58171160609614)"
628,8538211,279458.0,0.0771802808002,0.944412050534,"(39.847888589398025, 116.37772567409145)"
629,9850612,279441.0,0.0772636041319,0.944412050534,"(39.729739442946986, 116.22063305978898)"
630,8327644,279418.0,0.0773469206055,0.944412050534,"(39.869002695417791, 116.40293083235639)"
631,7446187,278846.0,0.0774300665209,0.944412050534,"(39.951212938005391, 116.50844079718641)"
632,7093110,278794.0,0.077513196931,0.944412050534,"(39.762084456424077, 116.55064478311841)"
633,10604855,278772.0,0.0775963207812,0.944412050534,"(39.707726864330638, 116.1303634232122)"
634,7891808,278743.0,0.0776794359842,0.944412050534,"(39.907637017070975, 116.45509964830012)"
635,8660824,278649.0,0.0777625231584,0.944412050534,"(39.921114106019765, 116.3630715123095)"
636,8847180,278505.0,0.0778455673949,0.944412050534,"(40.025336927223719, 116.34079718640095)"
637,7598423,278358.0,0.0779285677991,0.944412050534,"(40.130008984725961, 116.4902696365768)"
638,8582561,278252.0,0.0780115365964,0.944412050534,"(39.968283917340521, 116.37245017584995)"
639,5800851,278199.0,0.0780944895902,0.944412050534,"(40.127313566936209, 116.70539273153577)"
640,8826972,278101.0,0.0781774133626,0.944509232264,"(39.748607367475287, 116.34314185228605)"
641,11731387,278087.0,0.0782603329604,0.944509232264,"(39.70413297394429, 115.9955451348183)"
642,9626560,277987.0,0.0783432227403,0.944509232264,"(40.293980233602873, 116.24759671746777)"
643,3338115,277972.0,0.0784261080476,0.944509232264,"(40.55768194070081, 117.00023446658852)"
644,8004653,277901.0,0.0785089721842,0.944509232264,"(39.993441150044923, 116.44161781946073)"
645,8479543,277784.0,0.0785918014339,0.944509232264,"(39.896406109613658, 116.38475967174678)"
646,11511136,277588.0,0.0786745722406,0.944509232264,"(39.775561545372867, 116.0219226260258)"
647,7245316,277580.0,0.0787573406619,0.944509232264,"(39.927403414195865, 116.5324736225088)"
648,7754653,277529.0,0.0788400938761,0.944606413994,"(39.902695417789758, 116.47151230949591)"
649,8107392,277397.0,0.0789228077306,0.944703595724,"(39.939982030548066, 116.4293083235639)"
650,9056676,277382.0,0.0790055171125,0.944703595724,"(39.523090745732254, 116.315592028136)"
651,8200373,277262.0,0.079088190713,0.944703595724,"(39.90359389038634, 116.41817116060962)"
652,7754665,277221.0,0.0791708520881,0.944800777454,"(39.90808625336927, 116.47151230949591)"
653,5883850,276987.0,0.0792534436895,0.944800777454,"(40.007367475292, 116.69542790152404)"
654,11036488,276981.0,0.0793360335018,0.944897959184,"(39.981311769991017, 116.07878077373975)"
655,8342212,276698.0,0.0794185389295,0.944897959184,"(39.81239892183288, 116.40117233294256)"
656,8694832,276596.0,0.079501013943,0.944897959184,"(39.796226415094338, 116.35896834701056)"
657,8533501,276579.0,0.0795834838874,0.944897959184,"(39.932345013477089, 116.37831184056273)"
658,9405734,276093.0,0.0796658089171,0.944897959184,"(40.107097933513025, 116.27397420867527)"
659,6848375,276091.0,0.0797481333504,0.944897959184,"(39.836208445642406, 116.5799531066823)"
660,7852763,275956.0,0.0798304175296,0.944897959184,"(39.970080862533692, 116.45978898007034)"
661,8440439,275860.0,0.0799126730836,0.944897959184,"(39.932345013477089, 116.389449003517)"
662,7578568,275802.0,0.0799949113433,0.944897959184,"(40.01185983827493, 116.4926143024619)"
663,10805631,275693.0,0.0800771171015,0.944897959184,"(39.688858939802337, 116.10633059788981)"
664,7490136,275163.0,0.0801591648251,0.944897959184,"(39.891464510332433, 116.50316529894491)"
665,4591242,275086.0,0.0802411895889,0.944897959184,"(40.215813117699909, 116.85017584994139)"
666,9081438,275085.0,0.0803232140545,0.944897959184,"(39.645283018867921, 116.31266119577961)"
667,10903682,275076.0,0.0804052358365,0.944897959184,"(39.729739442946986, 116.09460726846424)"
668,8959525,274961.0,0.0804872233279,0.944897959184,"(39.886522911051209, 116.32731535756156)"
669,6759954,274809.0,0.0805691654962,0.944897959184,"(39.720754716981133, 116.5905041031653)"
670,8244863,274808.0,0.0806511073664,0.944897959184,"(40.086882300089847, 116.41289566236811)"
671,1290409,274589.0,0.0807329839354,0.944995140914,"(40.404043126684634, 117.24525205158265)"
672,10619395,274497.0,0.080814833072,0.944995140914,"(39.638544474393527, 116.12860492379836)"
673,9312902,274487.0,0.0808966792268,0.944995140914,"(40.21042228212039, 116.28511137162955)"
674,10291258,274329.0,0.0809784782693,0.944995140914,"(39.651572327044022, 116.16787807737398)"
675,9875484,274221.0,0.0810602451086,0.944995140914,"(39.901347708894875, 116.2177022274326)"
676,7979572,273978.0,0.0811419394905,0.944995140914,"(39.727942497753816, 116.44454865181712)"
677,6819166,273975.0,0.0812236329778,0.944995140914,"(39.916621743036835, 116.58347010550997)"
678,5511895,273878.0,0.0813052975418,0.944995140914,"(40.138993710691821, 116.73997655334115)"
679,7793814,273767.0,0.081386929008,0.945092322643,"(39.892362982929022, 116.46682297772568)"
680,6795034,273708.0,0.0814685428817,0.945189504373,"(40.077448337825693, 116.58640093786636)"
681,8254258,273567.0,0.0815501147121,0.945286686103,"(39.906738544474393, 116.41172332942556)"
682,8773500,273438.0,0.0816316480776,0.945383867833,"(39.930997304582206, 116.34958968347011)"
683,10110378,273238.0,0.0817131218073,0.945383867833,"(39.807008086253369, 116.18956623681126)"
684,4693291,273058.0,0.0817945418648,0.945383867833,"(39.852380952380948, 116.83786635404455)"
685,2974891,273044.0,0.0818759577479,0.945383867833,"(40.210871518418685, 117.04361078546307)"
686,6442113,272992.0,0.0819573581256,0.945383867833,"(39.958400718778073, 116.62860492379836)"
687,8195575,272736.0,0.0820386821697,0.945383867833,"(39.948517520215631, 116.4187573270809)"
688,9248926,272566.0,0.0821199555233,0.945383867833,"(40.074752920035941, 116.29273153575616)"
689,7573493,272546.0,0.0822012229134,0.945383867833,"(39.932345013477089, 116.49320046893318)"
690,8582574,272539.0,0.0822824882163,0.945383867833,"(39.974123989218327, 116.37245017584995)"
691,6089328,272404.0,0.082363713265,0.945383867833,"(39.900449236298293, 116.67080890973037)"
692,7647168,272248.0,0.0824448917979,0.945383867833,"(40.024438454627131, 116.48440797186402)"
693,8259293,271943.0,0.0825259793862,0.945383867833,"(39.968283917340521, 116.41113716295429)"
694,7617409,271938.0,0.0826070654837,0.945383867833,"(39.857771787960466, 116.48792497069168)"
695,8935269,271877.0,0.0826881333923,0.945481049563,"(39.991644204851752, 116.33024618991794)"
696,7524657,271827.0,0.082769186392,0.945481049563,"(39.997035040431264, 116.49906213364596)"
697,6529521,271641.0,0.0828501839304,0.945578231293,"(39.618778077268644, 116.61805392731536)"
698,8234614,271454.0,0.0829311257095,0.945869776482,"(39.883378256963162, 116.41406799531067)"
699,7220927,271324.0,0.0830120287253,0.945869776482,"(39.972776280323451, 116.53540445486519)"
700,7882103,271276.0,0.0830929174285,0.945869776482,"(39.948517520215631, 116.45627198124268)"
701,8460370,271218.0,0.0831737888374,0.945869776482,"(40.084636118598382, 116.3871043376319)"
702,10713443,271156.0,0.0832546417592,0.945869776482,"(40.081491464510329, 116.11746776084408)"
703,8685229,271042.0,0.0833354606887,0.945869776482,"(39.882929020664868, 116.36014067995312)"
704,11085381,271002.0,0.083416267691,0.945869776482,"(39.942228212039531, 116.07291910902697)"
705,8728806,270980.0,0.0834970681334,0.945869776482,"(39.656064690026952, 116.35486518171162)"
706,7984880,270771.0,0.0835778062564,0.945869776482,"(39.912129380053905, 116.44396248534585)"
707,8259160,270446.0,0.0836584474714,0.946161321672,"(39.908535489667564, 116.41113716295429)"
708,8435541,270441.0,0.0837390871955,0.946161321672,"(39.932345013477089, 116.39003516998828)"
709,8656028,270414.0,0.0838197188688,0.946161321672,"(39.966936208445638, 116.36365767878078)"
710,8734065,270364.0,0.0839003356331,0.946161321672,"(39.818238993710693, 116.35427901524034)"
711,8920321,270342.0,0.0839809458376,0.946161321672,"(39.877538185085356, 116.33200468933178)"
712,8930161,270283.0,0.0840615384494,0.946161321672,"(39.897304582210239, 116.33083235638922)"
713,8837585,269992.0,0.0841420442913,0.946161321672,"(40.11563342318059, 116.34196951934349)"
714,8263953,269955.0,0.0842225391006,0.946161321672,"(39.861365678346807, 116.41055099648301)"
715,6163274,269883.0,0.084303012441,0.946161321672,"(40.114285714285714, 116.6620164126612)"
716,8572968,269869.0,0.084383481607,0.946161321672,"(40.059478885893981, 116.37362250879251)"
717,7039703,269804.0,0.0844639313913,0.946161321672,"(39.973674752920033, 116.55709261430246)"
718,8283533,269657.0,0.0845443373434,0.946161321672,"(39.855974842767296, 116.40820633059789)"
719,9116218,269374.0,0.0846246589109,0.946258503401,"(39.867205750224613, 116.30855803048067)"
720,7833198,269305.0,0.0847049599041,0.946258503401,"(39.982210242587598, 116.46213364595546)"
721,8474250,269300.0,0.0847852594063,0.946258503401,"(39.718957771787956, 116.38534583821806)"
722,8851767,269274.0,0.084865551156,0.946258503401,"(39.885624438454627, 116.34021101992967)"
723,7764919,269176.0,0.0849458136841,0.946258503401,"(40.113836477987419, 116.47033997655335)"
724,8249344,268946.0,0.0850260076312,0.946452866861,"(39.899550763701704, 116.41230949589684)"
725,6862997,268902.0,0.0851061884584,0.946452866861,"(39.803863432165315, 116.57819460726847)"
726,7725214,268880.0,0.0851863627257,0.946452866861,"(39.879784366576821, 116.47502930832357)"
727,8660856,268876.0,0.0852665358002,0.946452866861,"(39.935489667565136, 116.3630715123095)"
728,8073379,268785.0,0.0853466817406,0.946452866861,"(40.062623539982027, 116.43341148886284)"
729,7465284,268588.0,0.0854267689397,0.946452866861,"(39.728840970350404, 116.50609613130129)"
730,5741623,268529.0,0.0855068385462,0.946452866861,"(39.924258760107818, 116.71242672919109)"
731,8636160,268495.0,0.0855868980148,0.946452866861,"(39.842946990116801, 116.36600234466589)"
732,9278193,268457.0,0.0856669461525,0.946452866861,"(40.020395327942495, 116.2892145369285)"
733,8822559,268425.0,0.0857469847485,0.946550048591,"(39.966486972147351, 116.34372801875733)"
734,10653882,268420.0,0.0858270218536,0.946550048591,"(39.728840970350404, 116.12450175849942)"
735,8386345,268261.0,0.0859070115483,0.946550048591,"(39.835309973045824, 116.39589683470106)"
736,3023656,268216.0,0.085986987825,0.946550048591,"(40.114285714285714, 117.03774912075031)"
737,8905447,268210.0,0.0860669623126,0.946550048591,"(39.796675651392633, 116.33376318874561)"
738,10571519,267963.0,0.08614686315,0.946550048591,"(40.134501347708891, 116.13446658851115)"
739,7284673,267949.0,0.086226759813,0.946550048591,"(40.005121293800535, 116.52778429073858)"
740,8533404,267666.0,0.0863065720914,0.946550048591,"(39.888769092542674, 116.37831184056273)"
741,11246198,267518.0,0.0863863402394,0.946550048591,"(39.575202156334228, 116.0535756154748)"
742,7970098,267456.0,0.0864660899004,0.946647230321,"(39.872596585804132, 116.44572098475967)"
743,7642199,267386.0,0.0865458186888,0.946647230321,"(39.992542677448334, 116.4849941383353)"
744,7946372,267285.0,0.0866255173612,0.946647230321,"(40.215813117699909, 116.44865181711607)"
745,9489042,267203.0,0.0867051915829,0.946647230321,"(40.125965858041326, 116.26400937866354)"
746,8122445,267135.0,0.0867848455285,0.946647230321,"(40.101257861635219, 116.42754982415006)"
747,8954421,267094.0,0.0868644872487,0.946647230321,"(39.793980233602873, 116.32790152403282)"
748,7715221,266703.0,0.0869440123811,0.946744412051,"(39.791284815813114, 116.47620164126613)"
749,6451159,266683.0,0.08702353155,0.946744412051,"(39.621473495058396, 116.6274325908558)"
750,2925632,266373.0,0.0871029582835,0.94684159378,"(40.085534591194964, 117.04947245017586)"
751,6055237,266344.0,0.0871823763698,0.94684159378,"(39.988050314465404, 116.67491207502931)"
752,7784034,266336.0,0.0872617920706,0.94684159378,"(39.899550763701704, 116.46799531066823)"
753,7759705,266270.0,0.0873411880917,0.94684159378,"(39.971877807726862, 116.47092614302463)"
754,8082775,266077.0,0.0874205265643,0.94684159378,"(39.882929020664868, 116.43223915592029)"
755,8664801,266061.0,0.087499860266,0.94684159378,"(39.507367475292, 116.36248534583822)"
756,6457331,266039.0,0.0875791874079,0.94684159378,"(40.193800539083554, 116.62684642438452)"
757,9459438,265827.0,0.0876584513358,0.94684159378,"(40.02893081761006, 116.26752637749121)"
758,8837344,265720.0,0.0877376833586,0.94684159378,"(40.007367475292, 116.34196951934349)"
759,8249336,265713.0,0.0878169132942,0.94684159378,"(39.895956873315363, 116.41230949589684)"
760,8033922,265702.0,0.0878961399498,0.94693877551,"(39.939982030548066, 116.43810082063307)"
761,6627882,265474.0,0.0879752986207,0.94693877551,"(39.798921832884098, 116.60633059788981)"
762,8479656,265202.0,0.0880543761871,0.94703595724,"(39.947169811320755, 116.38475967174678)"
763,5967140,265038.0,0.0881334048521,0.94703595724,"(40.01814914645103, 116.68546307151232)"
764,7588362,264715.0,0.0882123372054,0.94703595724,"(40.010961365678348, 116.49144196951934)"
765,8705255,264712.0,0.0882912686642,0.94703595724,"(40.077897574123988, 116.357796014068)"
766,7607986,264658.0,0.0883701840213,0.94703595724,"(40.025336927223719, 116.48909730363424)"
767,7435904,264630.0,0.0884490910295,0.94703595724,"(39.732434860736745, 116.50961313012897)"
768,8709731,264592.0,0.0885279867068,0.94703595724,"(39.888319856244387, 116.35720984759672)"
769,8161190,264547.0,0.0886068689661,0.94703595724,"(39.904043126684634, 116.42286049237984)"
770,8529103,264374.0,0.0886856996405,0.94703595724,"(40.156963162623541, 116.37889800703401)"
771,9386197,264183.0,0.0887644733628,0.94703595724,"(40.131805929919139, 116.27631887456037)"
772,6618246,264150.0,0.0888432372452,0.94703595724,"(39.870799640610961, 116.60750293083237)"
773,8484240,263998.0,0.0889219558045,0.94703595724,"(39.80610961365678, 116.3841735052755)"
774,7754679,263992.0,0.0890006725747,0.94703595724,"(39.91437556154537, 116.47151230949591)"
775,5354654,263791.0,0.089079329411,0.94703595724,"(39.912129380053905, 116.75873388042204)"
776,8229656,263755.0,0.0891579755128,0.94713313897,"(39.85642407906559, 116.41465416178195)"
777,10737391,263620.0,0.0892365813605,0.94713313897,"(39.838005390835576, 116.11453692848769)"
778,10291447,263425.0,0.0893151290634,0.94713313897,"(39.736477987421381, 116.16787807737398)"
779,10604705,263356.0,0.089393656192,0.94713313897,"(39.640341419586704, 116.1303634232122)"
780,7886966,263320.0,0.0894721725862,0.9472303207,"(39.932794249775384, 116.4556858147714)"
781,7813373,263207.0,0.0895506552861,0.9472303207,"(39.877538185085356, 116.46447831184057)"
782,8288430,262740.0,0.0896289987367,0.9472303207,"(39.855525606469001, 116.40762016412661)"
783,8695145,262421.0,0.0897072470682,0.9472303207,"(39.936837376460019, 116.35896834701056)"
784,8396436,262409.0,0.0897854918217,0.9472303207,"(39.967834681042227, 116.3947245017585)"
785,8269044,262227.0,0.0898636823066,0.94732750243,"(39.948068283917337, 116.40996483001173)"
786,4948208,262093.0,0.0899418328356,0.94732750243,"(39.951662174303685, 116.80738569753811)"
787,8783551,262086.0,0.0900199812773,0.94732750243,"(40.045552560646897, 116.34841735052755)"
788,8425470,261951.0,0.0900980894649,0.94732750243,"(39.808805031446539, 116.39120750293084)"
789,7896652,261893.0,0.0901761803582,0.947521865889,"(39.883378256963162, 116.45451348182884)"
790,6516179,261814.0,0.0902542476953,0.947521865889,"(40.226145552560645, 116.6198124267292)"
791,6834198,261776.0,0.0903323037017,0.947716229349,"(40.068463611859833, 116.58171160609614)"
792,7657448,261601.0,0.0904103075268,0.947716229349,"(40.2418688230009, 116.48323563892146)"
793,8264101,261480.0,0.0904882752723,0.947813411079,"(39.92785265049416, 116.41055099648301)"
794,7931682,261461.0,0.0905662373524,0.947910592809,"(40.21761006289308, 116.4504103165299)"
795,8170960,261371.0,0.0906441725964,0.947910592809,"(39.892362982929022, 116.42168815943728)"
796,8264111,261235.0,0.0907220672881,0.947910592809,"(39.932345013477089, 116.41055099648301)"
797,8567835,261041.0,0.0907999041332,0.947910592809,"(39.95390835579515, 116.37420867526379)"
798,8533358,260748.0,0.0908776536119,0.947910592809,"(39.868104222821202, 116.37831184056273)"
799,8185680,260719.0,0.0909553944435,0.947910592809,"(39.904043126684634, 116.41992966002346)"
800,9591112,260567.0,0.0910330899519,0.947910592809,"(39.771967654986518, 116.25169988276672)"
801,8082902,260539.0,0.0911107771113,0.948104956268,"(39.939982030548066, 116.43223915592029)"
802,7886997,260528.0,0.0911884609907,0.948104956268,"(39.946720575022461, 116.4556858147714)"
803,9018664,260099.0,0.0912660169516,0.948104956268,"(40.049595687331532, 116.32028135990622)"
804,4434341,259915.0,0.0913435180475,0.948104956268,"(40.14168912848158, 116.86893317702229)"
805,7373013,259853.0,0.0914210006564,0.948104956268,"(40.084186882300088, 116.51723329425558)"
806,8190658,259637.0,0.0914984188587,0.948104956268,"(39.939982030548066, 116.41934349355218)"
807,2039174,259476.0,0.0915757890542,0.948104956268,"(40.121473495058396, 117.15556858147714)"
808,7754680,259437.0,0.0916531476208,0.948104956268,"(39.914824797843664, 116.47151230949591)"
809,6447408,259419.0,0.0917305008201,0.948104956268,"(40.136747529200356, 116.62801875732708)"
810,10091097,259238.0,0.0918078000491,0.948104956268,"(39.946720575022461, 116.19191090269638)"
811,7862402,259154.0,0.0918850742312,0.948104956268,"(39.899550763701704, 116.45861664712778)"
812,8700259,259126.0,0.0919623400642,0.948104956268,"(40.033872416891285, 116.35838218053928)"
813,7921208,259078.0,0.0920395915846,0.948104956268,"(39.913027852650494, 116.45158264947246)"
814,8988683,258963.0,0.0921168088145,0.948104956268,"(39.783198562443843, 116.32379835873388)"
815,7407050,258907.0,0.0921940093464,0.948104956268,"(39.972327044025157, 116.51313012895663)"
816,8293347,258837.0,0.0922711890058,0.948202137998,"(39.864061096136567, 116.40703399765533)"
817,8234609,258798.0,0.0923483570363,0.948202137998,"(39.881132075471697, 116.41406799531067)"
818,8803142,258627.0,0.0924254740781,0.948202137998,"(40.045103324348609, 116.34607268464245)"
819,6828588,258584.0,0.0925025782983,0.948202137998,"(39.748607367475287, 116.58229777256741)"
820,6858641,258291.0,0.0925795951522,0.948202137998,"(40.047349505840067, 116.57878077373975)"
821,4835192,258289.0,0.0926566114097,0.948202137998,"(39.789038634321649, 116.8208675263775)"
822,10796450,258165.0,0.0927335906931,0.948202137998,"(39.965139263252468, 116.10750293083237)"
823,9508401,258151.0,0.092810565802,0.948202137998,"(40.021293800539084, 116.26166471277844)"
824,8357097,258004.0,0.0928874970786,0.948202137998,"(39.898203054806828, 116.39941383352873)"
825,10149786,257999.0,0.0929644268643,0.948299319728,"(39.907637017070975, 116.18487690504104)"
826,9253827,257957.0,0.0930413441265,0.948299319728,"(40.076100628930817, 116.29214536928488)"
827,7788932,257841.0,0.0931182268,0.948299319728,"(39.899550763701704, 116.46740914419696)"
828,6877897,257828.0,0.0931951055971,0.948299319728,"(39.896406109613658, 116.57643610785463)"
829,7901617,257738.0,0.0932719575582,0.948299319728,"(39.913477088948788, 116.45392731535756)"
830,8180675,257715.0,0.0933488026612,0.948299319728,"(39.855974842767296, 116.42051582649474)"
831,10369680,257707.0,0.0934256453788,0.948299319728,"(39.675831087151842, 116.15849941383354)"
832,11129187,257586.0,0.0935024520167,0.948299319728,"(39.818238993710693, 116.06764361078547)"
833,7128341,257373.0,0.0935791951426,0.948299319728,"(40.186612758310872, 116.54654161781947)"
834,8714605,257312.0,0.0936559200796,0.948299319728,"(39.877538185085356, 116.35662368112544)"
835,8190048,256931.0,0.0937325314106,0.948299319728,"(39.665947888589393, 116.41934349355218)"
836,5790154,256801.0,0.0938091039783,0.948299319728,"(39.722551662174304, 116.70656506447831)"
837,9782419,256800.0,0.0938856762478,0.948299319728,"(39.899999999999999, 116.22883939038688)"
838,8102493,256754.0,0.0939622348012,0.948299319728,"(39.939532794249772, 116.42989449003518)"
839,6946016,256599.0,0.0940387471368,0.948299319728,"(39.692902066486973, 116.56822977725675)"
840,8450139,256527.0,0.0941152380036,0.948299319728,"(39.889218328840968, 116.38827667057446)"
841,7715588,256282.0,0.0941916558166,0.948299319728,"(39.956154537286608, 116.47620164126613)"
842,8224776,256271.0,0.0942680703497,0.948299319728,"(39.864510332434861, 116.41524032825323)"
843,6158185,256234.0,0.0943444738501,0.948299319728,"(40.028481581311766, 116.66260257913248)"
844,5799949,256201.0,0.0944208675107,0.948299319728,"(39.72210242587601, 116.70539273153577)"
845,10012456,256108.0,0.0944972334406,0.948299319728,"(39.824079065588499, 116.20128956623682)"
846,6143697,256083.0,0.0945735919161,0.948299319728,"(40.121024258760109, 116.66436107854631)"
847,7847761,255872.0,0.0946498874759,0.948299319728,"(39.92336028751123, 116.46037514654162)"
848,8866522,255752.0,0.0947261472542,0.948396501458,"(39.913027852650494, 116.33845252051583)"
849,9640455,255699.0,0.0948023912291,0.948396501458,"(39.935040431266842, 116.24583821805393)"
850,10198515,255578.0,0.0948785991244,0.948396501458,"(39.794878706199462, 116.17901524032825)"
851,8073068,255546.0,0.094954797478,0.948396501458,"(39.922911051212935, 116.43341148886284)"
852,6031036,255321.0,0.0950309287413,0.948396501458,"(40.117879604672055, 116.67784290738571)"
853,10714292,255311.0,0.0951070570229,0.948396501458,"(40.462893081761003, 116.11746776084408)"
854,8783701,255264.0,0.0951831712901,0.948396501458,"(40.112938005390831, 116.34841735052755)"
855,7754695,255262.0,0.0952592849609,0.948396501458,"(39.921563342318059, 116.47151230949591)"
856,10899230,255251.0,0.0953353953518,0.948396501458,"(39.930098831985624, 116.09519343493552)"
857,7539253,255146.0,0.0954114744339,0.948396501458,"(39.953009883198561, 116.49730363423213)"
858,6785239,255044.0,0.0954875231018,0.948493683188,"(40.077897574123988, 116.58757327080892)"
859,6844004,254946.0,0.0955635425482,0.948493683188,"(40.072955974842763, 116.58053927315358)"
860,9586479,254846.0,0.0956395321767,0.948590864917,"(39.891015274034139, 116.25228604923799)"
861,6834216,254813.0,0.0957155119653,0.948590864917,"(40.076549865229111, 116.58171160609614)"
862,2049120,254753.0,0.0957914738633,0.948590864917,"(40.188858939802337, 117.1543962485346)"
863,10732411,254681.0,0.0958674142923,0.948590864917,"(39.801168014375563, 116.11512309495897)"
864,6432141,254629.0,0.0959433392161,0.948590864917,"(39.879335130278527, 116.62977725674092)"
865,3244610,254624.0,0.0960192626489,0.948688046647,"(40.358670260557048, 117.01137162954279)"
866,7989799,254622.0,0.0960951854855,0.948785228377,"(39.921563342318059, 116.44337631887457)"
867,5438165,254367.0,0.0961710322864,0.948785228377,"(40.022192273135666, 116.74876905041032)"
868,7656880,254348.0,0.096246873422,0.948785228377,"(39.986702605570528, 116.48323563892146)"
869,9855874,254236.0,0.0963226811616,0.948785228377,"(39.893261455525604, 116.22004689331771)"
870,8954630,254143.0,0.0963984611705,0.948785228377,"(39.887870619946092, 116.32790152403282)"
871,6603500,254098.0,0.0964742277614,0.948785228377,"(39.84743935309973, 116.60926143024619)"
872,9875485,254010.0,0.0965499681126,0.948882410107,"(39.901796945193169, 116.2177022274326)"
873,8234613,253717.0,0.0966256210975,0.948979591837,"(39.882929020664868, 116.41406799531067)"
874,7397174,253697.0,0.0967012681188,0.948979591837,"(39.936388140161725, 116.51430246189919)"
875,9008867,253573.0,0.0967768781659,0.948979591837,"(40.049146451033245, 116.32145369284878)"
876,6622781,253484.0,0.0968524616752,0.948979591837,"(39.707726864330638, 116.60691676436109)"
877,8464651,253445.0,0.0969280335554,0.948979591837,"(39.807457322551663, 116.38651817116062)"
878,8107219,253389.0,0.0970035887377,0.948979591837,"(39.862264150943396, 116.4293083235639)"
879,12084297,253361.0,0.097079135571,0.948979591837,"(39.818238993710693, 115.9533411488863)"
880,8680250,253159.0,0.0971546221722,0.948979591837,"(39.846540880503142, 116.36072684642438)"
881,7784346,253118.0,0.0972300965481,0.948979591837,"(40.039712488769091, 116.46799531066823)"
882,4801589,253020.0,0.0973055417024,0.948979591837,"(40.095867026055707, 116.82497069167644)"
883,9106572,252889.0,0.0973809477954,0.948979591837,"(39.934591194968554, 116.30973036342321)"
884,8656027,252724.0,0.0974563046889,0.949076773567,"(39.966486972147351, 116.36365767878078)"
885,6897531,252715.0,0.0975316588988,0.949076773567,"(39.915274034141959, 116.57409144196953)"
886,6608447,252614.0,0.0976069829926,0.949076773567,"(39.869451931716078, 116.60867526377491)"
887,9611481,252515.0,0.0976822775668,0.949076773567,"(40.121024258760109, 116.2493552168816)"
888,8063492,252483.0,0.0977575625992,0.949173955296,"(40.021743036837378, 116.4345838218054)"
889,6994989,252301.0,0.0978327933632,0.949173955296,"(39.689757412398919, 116.56236811254396)"
890,11378804,252082.0,0.097907958826,0.949173955296,"(39.736927223719675, 116.03774912075031)"
891,7666680,251907.0,0.0979830721075,0.949173955296,"(39.988499550763699, 116.4820633059789)"
892,6834223,251792.0,0.0980581510986,0.949271137026,"(40.079694519317158, 116.58171160609614)"
893,8430433,251745.0,0.0981332160752,0.949271137026,"(39.838005390835576, 116.39062133645956)"
894,7495293,251724.0,0.0982082747901,0.949271137026,"(40.007816711590294, 116.50257913247363)"
895,6848908,251647.0,0.0982833105452,0.949368318756,"(40.075651392632523, 116.5799531066823)"
896,7406868,251628.0,0.0983583406349,0.949368318756,"(39.890566037735844, 116.51313012895663)"
897,8303151,251527.0,0.0984333406086,0.949368318756,"(39.867654986522908, 116.40586166471279)"
898,7411842,251456.0,0.0985083194116,0.949368318756,"(39.924707996406106, 116.51254396248535)"
899,9092195,251453.0,0.0985832973201,0.949368318756,"(40.076999101527399, 116.31148886283705)"
900,8988913,251445.0,0.0986582728431,0.949368318756,"(39.886522911051209, 116.32379835873388)"
901,7294149,251437.0,0.0987332459807,0.949368318756,"(39.861365678346807, 116.52661195779602)"
902,8234758,251364.0,0.0988081973513,0.949562682216,"(39.948068283917337, 116.41406799531067)"
903,8254395,251358.0,0.0988831469328,0.949659863946,"(39.968283917340521, 116.41172332942556)"
904,7783435,251210.0,0.0989580523838,0.949659863946,"(39.630458221024256, 116.46799531066823)"
905,9062559,251127.0,0.0990329330861,0.949951409135,"(39.965588499550762, 116.31500586166472)"
906,7372079,251081.0,0.0991078000721,0.949951409135,"(39.664600179694517, 116.51723329425558)"
907,9920196,251032.0,0.0991826524474,0.949951409135,"(40.184366576819407, 116.21242672919109)"
908,8890732,250996.0,0.0992574940882,0.949951409135,"(39.787241689128479, 116.33552168815945)"
909,7421613,250990.0,0.09933233394,0.949951409135,"(39.913477088948788, 116.51137162954279)"
910,5976734,250936.0,0.0994071576901,0.949951409135,"(39.927403414195865, 116.68429073856976)"
911,8616669,250905.0,0.0994819721967,0.949951409135,"(39.888319856244387, 116.36834701055101)"
912,8102218,250846.0,0.0995567691107,0.949951409135,"(39.815992812219228, 116.42989449003518)"
913,11021766,250693.0,0.0996315204034,0.949951409135,"(39.968733153638816, 116.08053927315358)"
914,10972729,250547.0,0.0997062281621,0.949951409135,"(39.94312668463612, 116.08640093786636)"
915,8822657,250481.0,0.0997809162409,0.949951409135,"(40.010512129380054, 116.34372801875733)"
916,9028212,250407.0,0.0998555822546,0.950242954325,"(39.938185085354895, 116.31910902696366)"
917,8073106,250317.0,0.0999302214321,0.950242954325,"(39.939982030548066, 116.43341148886284)"
918,8200516,250256.0,0.100004842421,0.950242954325,"(39.967834681042227, 116.41817116060962)"
919,8635926,250254.0,0.100079462813,0.950242954325,"(39.737825696316264, 116.36600234466589)"
920,7122813,250241.0,0.100154079329,0.950242954325,"(39.90359389038634, 116.54712778429075)"
921,7984870,250217.0,0.100228688689,0.950340136054,"(39.907637017070975, 116.44396248534585)"
922,8273942,250048.0,0.100303247656,0.950437317784,"(39.948068283917337, 116.40937866354045)"
923,6696792,249863.0,0.100377751461,0.950437317784,"(39.950763701707096, 116.59812426729192)"
924,9028275,249790.0,0.100452233498,0.950437317784,"(39.966486972147351, 116.31910902696366)"
925,8445372,249739.0,0.100526700328,0.950534499514,"(39.948068283917337, 116.38886283704572)"
926,6618330,249663.0,0.100601144497,0.950534499514,"(39.908535489667564, 116.60750293083237)"
927,5282065,249641.0,0.100675582106,0.950534499514,"(40.30790655884995, 116.76752637749121)"
928,7911801,249355.0,0.100749934436,0.950534499514,"(40.087780772686429, 116.45275498241502)"
929,8249428,249171.0,0.100824231901,0.950534499514,"(39.937286612758307, 116.41230949589684)"
930,8464768,249161.0,0.100898526384,0.950534499514,"(39.860017969451931, 116.38651817116062)"
931,7999473,248976.0,0.100972765704,0.950534499514,"(39.866756513926326, 116.44220398593201)"
932,8102557,248954.0,0.101046998464,0.950728862974,"(39.968283917340521, 116.42989449003518)"
933,10806334,248829.0,0.101121193952,0.950728862974,"(40.004672057502248, 116.10633059788981)"
934,10516760,248715.0,0.101195355447,0.950728862974,"(39.738724168912846, 116.14091441969519)"
935,7088605,248618.0,0.101269488019,0.950728862974,"(39.93863432165319, 116.55123094958969)"
936,8709730,248529.0,0.101343594053,0.950728862974,"(39.887870619946092, 116.35720984759672)"
937,7230102,248395.0,0.101417660131,0.950728862974,"(39.693800539083554, 116.53423212192263)"
938,6246199,248319.0,0.101491703548,0.950728862974,"(39.961096136567832, 116.65205158264948)"
939,9332098,248248.0,0.101565725794,0.950728862974,"(40.032524707996402, 116.28276670574444)"
940,8019188,248167.0,0.101639723888,0.950826044704,"(39.922012578616354, 116.43985932004689)"
941,7549478,248165.0,0.101713721385,0.950826044704,"(40.145732255166216, 116.49613130128957)"
942,8224950,248146.0,0.101787713217,0.950826044704,"(39.942677448337825, 116.41524032825323)"
943,7343919,248100.0,0.101861691332,0.950826044704,"(40.216262353998204, 116.52075029308324)"
944,9106464,248039.0,0.101935651259,0.950826044704,"(39.886073674752922, 116.30973036342321)"
945,6158603,248036.0,0.102009610291,0.950826044704,"(40.216262353998204, 116.66260257913248)"
946,8714651,247808.0,0.102083501338,0.950923226433,"(39.898203054806828, 116.35662368112544)"
947,8690155,247710.0,0.102157363164,0.950923226433,"(39.895507637017069, 116.35955451348184)"
948,4635891,247358.0,0.102231120031,0.950923226433,"(40.470530098831986, 116.84490035169989)"
949,8185773,247346.0,0.10230487332,0.950923226433,"(39.945822102425872, 116.41992966002346)"
950,7661741,247298.0,0.102378612296,0.951020408163,"(39.970080862533692, 116.48264947245018)"
951,9263081,247297.0,0.102452350975,0.951020408163,"(39.832614555256065, 116.29097303634232)"
952,7597537,247297.0,0.102526089653,0.951020408163,"(39.731985624438451, 116.4902696365768)"
953,8714650,247279.0,0.102599822964,0.951117589893,"(39.897753818508534, 116.35662368112544)"
954,8381741,247059.0,0.102673490675,0.951117589893,"(39.967385444743933, 116.39648300117234)"
955,7539279,247058.0,0.102747158089,0.951117589893,"(39.964690026954173, 116.49730363423213)"
956,8724748,247035.0,0.102820818644,0.951117589893,"(40.03342318059299, 116.3554513481829)"
957,8763723,246883.0,0.102894433876,0.951214771623,"(39.939532794249772, 116.35076201641267)"
958,9723764,246800.0,0.102968024359,0.951214771623,"(39.954357592093437, 116.23587338804221)"
959,7073928,246762.0,0.103041603512,0.951214771623,"(39.946271338724166, 116.55298944900352)"
960,7348283,246690.0,0.103115161196,0.951311953353,"(39.976370170709792, 116.52016412661196)"
961,8357030,246612.0,0.103188695622,0.951311953353,"(39.868104222821202, 116.39941383352873)"
962,3906290,246605.0,0.10326222796,0.951311953353,"(40.560826594788857, 116.93223915592029)"
963,7132623,246581.0,0.103335753142,0.951311953353,"(39.90988319856244, 116.54595545134819)"
964,8342325,246546.0,0.103409267888,0.951311953353,"(39.863162623539978, 116.40117233294256)"
965,4212918,246538.0,0.103482780249,0.951311953353,"(39.686612758310872, 116.89531066822978)"
966,7886942,246494.0,0.10355627949,0.951409135083,"(39.922012578616354, 116.4556858147714)"
967,6990938,246335.0,0.10362973132,0.951409135083,"(40.070260557053011, 116.56295427901524)"
968,5561421,246328.0,0.103703181063,0.951409135083,"(40.384276729559744, 116.73411488862837)"
969,12030208,246284.0,0.103776617686,0.951506316812,"(39.723450134770886, 115.95978898007034)"
970,8259292,246216.0,0.103850034033,0.951603498542,"(39.967834681042227, 116.41113716295429)"
971,7588272,246158.0,0.103923433086,0.951603498542,"(39.970530098831986, 116.49144196951934)"
972,1011746,246000.0,0.103996785026,0.951603498542,"(40.638993710691821, 117.27866354044549)"
973,8675349,245682.0,0.104070042146,0.951603498542,"(39.845193171608265, 116.36131301289566)"
974,6609041,245679.0,0.104143298371,0.951603498542,"(40.136298292902062, 116.60867526377491)"
975,8312765,245613.0,0.104216534916,0.951603498542,"(39.785893980233602, 116.40468933177023)"
976,8200446,245348.0,0.104289692444,0.951603498542,"(39.936388140161725, 116.41817116060962)"
977,5908023,245253.0,0.104362821645,0.951603498542,"(39.864959568733155, 116.69249706916764)"
978,8185679,245146.0,0.104435918941,0.951603498542,"(39.90359389038634, 116.41992966002346)"
979,5633613,245034.0,0.104508982841,0.951603498542,"(39.810152740341415, 116.7253223915592)"
980,6369044,245006.0,0.104582038392,0.951603498542,"(40.138544474393527, 116.63739742086753)"
981,8836710,244776.0,0.104655025362,0.951603498542,"(39.722551662174304, 116.34196951934349)"
982,9748831,244685.0,0.104727985197,0.951603498542,"(40.213566936208444, 116.23294255568582)"
983,7602434,244485.0,0.104800885397,0.951603498542,"(39.731536388140164, 116.48968347010552)"
984,7612860,244418.0,0.104873765619,0.951603498542,"(40.014555256064689, 116.48851113716296)"
985,6824384,244353.0,0.104946626459,0.951603498542,"(40.060377358490562, 116.58288393903869)"
986,8562846,244322.0,0.105019478056,0.951603498542,"(39.913027852650494, 116.37479484173505)"
987,7734824,244302.0,0.105092323689,0.951603498542,"(39.796226415094338, 116.47385697538101)"
988,7872198,244254.0,0.10516515501,0.951603498542,"(39.899550763701704, 116.45744431418524)"
989,9552380,244207.0,0.105237972316,0.951603498542,"(39.975022461814916, 116.25638921453694)"
990,7612763,244162.0,0.105310776204,0.951603498542,"(39.970979335130281, 116.48851113716296)"
991,8009129,244119.0,0.105383567271,0.951603498542,"(39.803863432165315, 116.44103165298945)"
992,8347320,243621.0,0.105456209844,0.951797862002,"(39.906738544474393, 116.40058616647129)"
993,10315957,243580.0,0.105528840192,0.951797862002,"(39.745462713387241, 116.16494724501759)"
994,7847544,243425.0,0.105601424323,0.951797862002,"(39.82587601078167, 116.46037514654162)"
995,4018983,243301.0,0.105673971479,0.951797862002,"(40.578346810422282, 116.9187573270809)"
996,7030416,243288.0,0.105746514759,0.951797862002,"(40.20233602875112, 116.55826494724502)"
997,7896280,243250.0,0.105819046709,0.951797862002,"(39.716262353998204, 116.45451348182884)"
998,5917790,243207.0,0.105891565836,0.951895043732,"(39.85193171608266, 116.6913247362251)"
999,7103386,243107.0,0.105964055146,0.951895043732,"(39.977717879604668, 116.54947245017586)"
