,Region,dVCR,VCR,dUCR,UCR,loc
0,6795038,903104.0,0.000269286304196,1914,0.186005830904,"(40.079245283018864, 116.58640093786636)"
1,8180783,828104.0,0.000516209211912,1844,0.321185617104,"(39.904492362982928, 116.42051582649474)"
2,9077097,1292086.0,0.000901481631969,1674,0.417103984451,"(39.895507637017069, 116.31324736225089)"
3,6795037,628157.0,0.0010887846192,1509,0.479689018465,"(40.078796046720576, 116.58640093786636)"
4,8249328,411983.0,0.0012116291415,1328,0.534402332362,"(39.892362982929022, 116.41230949589684)"
5,7754664,495767.0,0.00135945626127,1371,0.576967930029,"(39.907637017070975, 116.47151230949591)"
6,9067300,655906.0,0.00155503340702,1547,0.613605442177,"(39.895058400718774, 116.31441969519344)"
7,7891864,377597.0,0.0016676247593,1265,0.643148688047,"(39.932794249775384, 116.45509964830012)"
8,8621568,356879.0,0.00177403844693,1141,0.669290573372,"(39.888769092542674, 116.36776084407973)"
9,8180784,571463.0,0.0019444364955,1480,0.692031098154,"(39.904941599281223, 116.42051582649474)"
10,9062405,480707.0,0.00208777304526,1349,0.712244897959,"(39.896406109613658, 116.31500586166472)"
11,6795035,605200.0,0.00226823074592,1363,0.72944606414,"(40.077897574123988, 116.58640093786636)"
12,8802907,412802.0,0.0023913194765,1162,0.745578231293,"(39.939532794249772, 116.34607268464245)"
13,8185723,315583.0,0.00248541957985,1215,0.759183673469,"(39.92336028751123, 116.41992966002346)"
14,8180782,700599.0,0.00269432322266,1728,0.771137026239,"(39.904043126684634, 116.42051582649474)"
15,8078004,386001.0,0.00280942046806,1298,0.78231292517,"(39.939982030548066, 116.43282532239157)"
16,8528505,332153.0,0.00290846139114,1196,0.792808551992,"(39.888319856244387, 116.37889800703401)"
17,7989586,1609159.0,0.00338827820069,656,0.802623906706,"(39.82587601078167, 116.44337631887457)"
18,9072199,466792.0,0.00352746559495,1288,0.81195335277,"(39.895507637017069, 116.31383352872216)"
19,6829325,520148.0,0.00368256260765,1283,0.820602526725,"(40.079694519317158, 116.58229777256741)"
20,8621591,339429.0,0.00378377307837,1082,0.828571428571,"(39.89910152740341, 116.36776084407973)"
21,7891773,322961.0,0.00388007314357,1072,0.835762876579,"(39.891913746630728, 116.45509964830012)"
22,9150595,454876.0,0.0040157074414,932,0.841788143829,"(39.90808625336927, 116.30445486518171)"
23,9096866,231885.0,0.00408485059064,808,0.84732750243,"(39.975022461814916, 116.31090269636577)"
24,7984926,302937.0,0.00417517992717,1084,0.85267249757,"(39.932794249775384, 116.44396248534585)"
25,8175883,1866816.0,0.00473182454534,1196,0.857434402332,"(39.90359389038634, 116.421101992966)"
26,8641291,283074.0,0.00481623115995,1076,0.861904761905,"(39.94761904761905, 116.36541617819461)"
27,8249326,306285.0,0.00490755879849,1095,0.866083576288,"(39.891464510332433, 116.41230949589684)"
28,8254393,207867.0,0.00496954029364,709,0.869873663751,"(39.967385444743933, 116.41172332942556)"
29,6790136,893666.0,0.00523601238802,1011,0.873469387755,"(40.077448337825693, 116.58698710433764)"
30,9062406,321077.0,0.00533175068471,964,0.876870748299,"(39.896855345911945, 116.31500586166472)"
31,7754662,413443.0,0.00545503054779,1302,0.879980563654,"(39.906738544474393, 116.47151230949591)"
32,8768558,238474.0,0.00552613839595,779,0.883090379009,"(39.911230907457323, 116.35017584994139)"
33,9106464,248039.0,0.00560009832261,800,0.885811467444,"(39.886073674752922, 116.30973036342321)"
34,7891841,297028.0,0.00568866572167,1038,0.88833819242,"(39.922461814914641, 116.45509964830012)"
35,9160391,239348.0,0.00576003417795,737,0.890767735666,"(39.90808625336927, 116.30328253223917)"
36,8641292,364893.0,0.00586883746904,1121,0.893100097182,"(39.948068283917337, 116.36541617819461)"
37,9028212,250407.0,0.00594350348267,932,0.895238095238,"(39.938185085354895, 116.31910902696366)"
38,9072198,494592.0,0.00609098024256,1092,0.897376093294,"(39.895058400718774, 116.31383352872216)"
39,8063272,326834.0,0.00618843515356,1185,0.899319727891,"(39.922911051212935, 116.4345838218054)"
40,6848910,461894.0,0.00632616206895,1210,0.901263362488,"(40.076549865229111, 116.5799531066823)"
41,8298697,84480.0,0.00635135219874,273,0.903109815355,"(40.067115902964957, 116.40644783118407)"
42,9057662,184450.0,0.00640635124515,691,0.904761904762,"(39.966037735849056, 116.315592028136)"
43,8112227,135996.0,0.00644690234472,575,0.906413994169,"(39.911680143755611, 116.42872215709262)"
44,8107355,204277.0,0.00650781337863,889,0.907968901846,"(39.92336028751123, 116.4293083235639)"
45,7989585,1316623.0,0.00690040220747,626,0.909426627794,"(39.825426774483375, 116.44337631887457)"
46,7896672,335178.0,0.00700034512088,1156,0.910787172012,"(39.892362982929022, 116.45451348182884)"
47,8347320,243621.0,0.0070729876944,934,0.912147716229,"(39.906738544474393, 116.40058616647129)"
48,6839100,443659.0,0.00720527732265,959,0.913411078717,"(40.070260557053011, 116.58112543962486)"
49,8709729,227411.0,0.00727308642074,759,0.914674441205,"(39.887421383647798, 116.35720984759672)"
50,7886999,209683.0,0.00733560940826,771,0.915840621963,"(39.94761904761905, 116.4556858147714)"
51,8288431,192941.0,0.00739314028933,715,0.917006802721,"(39.855974842767296, 116.40762016412661)"
52,8749038,128060.0,0.00743132504338,578,0.918172983479,"(39.943575920934407, 116.3525205158265)"
53,8998730,207079.0,0.00749307157377,768,0.919241982507,"(39.895956873315363, 116.32262602579134)"
54,8533427,192726.0,0.00755053834644,735,0.920213799806,"(39.89910152740341, 116.37831184056273)"
55,8543296,160398.0,0.00759836560069,587,0.921185617104,"(39.931895777178795, 116.37713950762017)"
56,8572781,90037.0,0.00762521270907,322,0.922157434402,"(39.975471698113203, 116.37362250879251)"
57,9155497,177964.0,0.00767827776896,705,0.923032069971,"(39.90988319856244, 116.30386869871045)"
58,6795036,346213.0,0.00778151108343,788,0.923906705539,"(40.078346810422282, 116.58640093786636)"
59,8778409,284613.0,0.00786637659493,773,0.924684159378,"(39.93593890386343, 116.34900351699883)"
60,6824419,352947.0,0.00797161784423,879,0.925461613217,"(40.076100628930817, 116.58288393903869)"
61,9155544,212378.0,0.00803494442313,738,0.926239067055,"(39.930997304582206, 116.30386869871045)"
62,7979788,485325.0,0.00817965796175,549,0.927016520894,"(39.824977538185081, 116.44454865181712)"
63,8773476,134327.0,0.0082197114012,589,0.927793974733,"(39.920215633423176, 116.34958968347011)"
64,7891798,220918.0,0.00828558442552,812,0.928571428571,"(39.903144654088052, 116.45509964830012)"
65,8264128,195402.0,0.00834384912417,787,0.92925170068,"(39.939982030548066, 116.41055099648301)"
66,8778399,358961.0,0.00845088361969,1175,0.929931972789,"(39.931446540880501, 116.34900351699883)"
67,8523607,203862.0,0.00851167090947,768,0.930612244898,"(39.888319856244387, 116.37948417350528)"
68,8964510,20968.0,0.00851792311876,72,0.931292517007,"(39.925606469002695, 116.32672919109028)"
69,8195475,564386.0,0.00868621095724,1308,0.931875607386,"(39.90359389038634, 116.4187573270809)"
70,8249344,268946.0,0.0087664049043,964,0.932458697765,"(39.899550763701704, 116.41230949589684)"
71,8572684,228592.0,0.00883456615135,885,0.933041788144,"(39.931895777178795, 116.37362250879251)"
72,9155502,151761.0,0.00887981803686,605,0.933624878523,"(39.912129380053905, 116.30386869871045)"
73,9155507,139840.0,0.00892151533504,550,0.934207968902,"(39.91437556154537, 116.30386869871045)"
74,8117229,139966.0,0.00896325020373,604,0.934791059281,"(39.958400718778073, 116.42813599062134)"
75,8269176,75942.0,0.00898589448447,248,0.93537414966,"(40.007367475292, 116.40996483001173)"
76,8969408,23276.0,0.00899283489002,75,0.935957240039,"(39.925606469002695, 116.326143024619)"
77,8082720,141089.0,0.0090349046133,519,0.936443148688,"(39.858221024258761, 116.43223915592029)"
78,8773492,175138.0,0.0090871270204,669,0.936929057337,"(39.927403414195865, 116.34958968347011)"
79,8205459,296348.0,0.009175491658,970,0.937414965986,"(39.988050314465404, 116.41758499413834)"
80,6971348,1802120.0,0.0097128453122,422,0.937900874636,"(40.071159029649593, 116.56529894490036)"
81,8435483,115026.0,0.00974714360611,454,0.938386783285,"(39.906289308176099, 116.39003516998828)"
82,9008510,93011.0,0.00977487749771,367,0.938872691934,"(39.888769092542674, 116.32145369284878)"
83,7921365,85181.0,0.00980027665072,394,0.939358600583,"(39.983557951482481, 116.45158264947246)"
84,7891861,137432.0,0.00984125593479,529,0.939844509232,"(39.931446540880501, 116.45509964830012)"
85,6834222,35663.0,0.0098518898789,84,0.940330417881,"(40.079245283018864, 116.58171160609614)"
86,7342954,25624.0,0.00985953040785,88,0.940719144801,"(39.782749326145549, 116.52075029308324)"
87,9287735,176438.0,0.00991214044716,497,0.94110787172,"(39.906289308176099, 116.28804220398594)"
88,6829314,381185.0,0.0100258016643,884,0.941496598639,"(40.074752920035941, 116.58229777256741)"
89,8778407,150041.0,0.0100705406826,599,0.941885325559,"(39.935040431266842, 116.34900351699883)"
90,8734345,137336.0,0.0101114913415,569,0.942274052478,"(39.944025157232701, 116.35427901524034)"
91,8611771,184236.0,0.0101664265777,691,0.942662779397,"(39.888319856244387, 116.36893317702229)"
92,8508913,113407.0,0.0102002421204,452,0.943051506317,"(39.888319856244387, 116.38124267291911)"
93,6844012,474378.0,0.0103416914977,1223,0.943440233236,"(40.076549865229111, 116.58053927315358)"
94,8797991,73195.0,0.0103635166818,310,0.943828960155,"(39.931446540880501, 116.34665885111372)"
95,9194847,97637.0,0.0103926299477,387,0.944217687075,"(39.984456424079063, 116.29917936694022)"
96,8513737,102589.0,0.0104232197941,406,0.944606413994,"(39.855076370170707, 116.38065650644783)"
97,7549078,1234263.0,0.0107912506318,99,0.944995140914,"(39.966037735849056, 116.49613130128957)"
98,8254243,237634.0,0.01086210801,930,0.945286686103,"(39.899999999999999, 116.41172332942556)"
99,7906557,183812.0,0.0109169168184,504,0.945578231293,"(39.932345013477089, 116.4533411488863)"
100,8259306,358877.0,0.0110239262669,652,0.945869776482,"(39.974123989218327, 116.41113716295429)"
101,7980003,222246.0,0.0110901952724,788,0.946161321672,"(39.921563342318059, 116.44454865181712)"
102,8803056,164635.0,0.0111392859095,540,0.946452866861,"(40.006469002695418, 116.34607268464245)"
103,8224775,162267.0,0.0111876704596,659,0.946744412051,"(39.864061096136567, 116.41524032825323)"
104,7465913,359114.0,0.0112947505764,202,0.94703595724,"(40.011410601976635, 116.50609613130129)"
105,8950060,39546.0,0.0113065423481,131,0.94732750243,"(40.035220125786161, 116.3284876905041)"
106,9204482,43689.0,0.0113195694738,191,0.947619047619,"(39.912129380053905, 116.29800703399766)"
107,8293845,38233.0,0.011330969737,117,0.947910592809,"(40.087780772686429, 116.40703399765533)"
108,9405362,26967.0,0.0113390107199,85,0.948202137998,"(39.939982030548066, 116.27397420867527)"
109,2592680,24301.0,0.0113462567585,57,0.948493683188,"(40.135849056603774, 117.08933177022274)"
110,7353047,100521.0,0.0113762299715,434,0.948785228377,"(39.91617250673854, 116.51957796014068)"
111,7798712,204720.0,0.0114372730986,751,0.949076773567,"(39.892362982929022, 116.4662368112544)"
112,7891769,100907.0,0.0114673614085,405,0.949368318756,"(39.890116801437557, 116.45509964830012)"
113,9199572,62076.0,0.0114858711445,266,0.949659863946,"(39.906738544474393, 116.29859320046894)"
114,7867497,147171.0,0.0115297543902,304,0.949951409135,"(39.988050314465404, 116.45803048065652)"
115,6246079,25523.0,0.0115373648031,92,0.950145772595,"(39.907187780772688, 116.65205158264948)"
116,8195572,136062.0,0.0115779355825,529,0.950340136054,"(39.947169811320755, 116.4187573270809)"
117,9150588,165622.0,0.0116273205218,671,0.950534499514,"(39.904941599281223, 116.30445486518171)"
118,8224776,256271.0,0.0117037350549,993,0.950728862974,"(39.864510332434861, 116.41524032825323)"
119,7891900,173533.0,0.0117554788853,677,0.950923226433,"(39.948966756513926, 116.45509964830012)"
120,8400995,172291.0,0.0118068523779,179,0.951117589893,"(39.815543575920934, 116.39413833528722)"
121,9444416,32832.0,0.0118166421783,137,0.951311953353,"(39.881581311769992, 116.26928487690505)"
122,9052600,80322.0,0.0118405924814,298,0.951506316812,"(39.892362982929022, 116.31617819460728)"
123,8092760,112635.0,0.0118741778302,413,0.951700680272,"(39.967834681042227, 116.43106682297773)"
124,8788060,30512.0,0.0118832758563,125,0.951895043732,"(39.870799640610961, 116.34783118405628)"
125,6829286,421602.0,0.0120089885587,825,0.952089407191,"(40.062174303683733, 116.58229777256741)"
126,6795034,273708.0,0.0120906024324,730,0.952283770651,"(40.077448337825693, 116.58640093786636)"
127,8704791,212666.0,0.0121540148867,754,0.952478134111,"(39.869451931716078, 116.357796014068)"
128,9336827,157586.0,0.0122010036627,599,0.95267249757,"(39.956603773584902, 116.28218053927316)"
129,8254252,63532.0,0.0122199475467,270,0.95286686103,"(39.904043126684634, 116.41172332942556)"
130,8102557,248954.0,0.0122941803068,603,0.95306122449,"(39.968283917340521, 116.42989449003518)"
131,8342536,184120.0,0.0123490809543,766,0.953255587949,"(39.957951482479785, 116.40117233294256)"
132,7891849,137189.0,0.012389987781,524,0.953449951409,"(39.926055705300989, 116.45509964830012)"
133,8136763,126080.0,0.0124275821413,550,0.953644314869,"(39.932345013477089, 116.42579132473622)"
134,6829292,306736.0,0.0125190442584,528,0.953838678328,"(40.064869721473492, 116.58229777256741)"
135,9444517,88118.0,0.0125453191621,316,0.954033041788,"(39.926954177897571, 116.26928487690505)"
136,9067460,99161.0,0.0125748868522,414,0.954227405248,"(39.966936208445638, 116.31441969519344)"
137,7725430,116676.0,0.0126096771408,473,0.954421768707,"(39.976819407008087, 116.47502930832357)"
138,8577625,115690.0,0.0126441734253,474,0.954616132167,"(39.951212938005391, 116.37303634232123)"
139,7960477,129376.0,0.0126827505824,178,0.954810495627,"(39.951212938005391, 116.44689331770223)"
140,4630781,5305.0,0.01268433242,26,0.955004859086,"(40.375292003593891, 116.84548651817117)"
141,7842773,52566.0,0.0127000064773,222,0.955199222546,"(39.882929020664868, 116.4609613130129)"
142,10830727,231005.0,0.0127688872294,17,0.955393586006,"(39.961096136567832, 116.10339976553341)"
143,10047232,8169.0,0.0127713230505,2,0.955587949466,"(40.044204851752021, 116.19718640093787)"
144,8861430,16838.0,0.0127763437821,65,0.955782312925,"(39.82587601078167, 116.33903868698711)"
145,6260158,11502.0,0.0127797734326,8,0.955976676385,"(39.63090745732255, 116.65029308323564)"
146,11853786,188552.0,0.0128359956077,20,0.956171039845,"(39.681221922731353, 115.98089097303635)"
147,2499638,19535.0,0.0128418205271,51,0.956365403304,"(40.144833782569627, 117.10046893317703)"
148,7088805,31924.0,0.0128513395813,142,0.956559766764,"(40.028481581311766, 116.55123094958969)"
149,8082961,170919.0,0.0129023039728,255,0.956754130224,"(39.966486972147351, 116.43223915592029)"
150,9155476,131719.0,0.0129415797624,481,0.956948493683,"(39.900449236298293, 116.30386869871045)"
151,9053021,629.0,0.0129417673168,3,0.957142857143,"(40.081491464510329, 116.31617819460728)"
152,9052607,458666.0,0.0130785317116,1109,0.957337220603,"(39.895507637017069, 116.31617819460728)"
153,7886990,91648.0,0.0131058591857,284,0.957531584062,"(39.943575920934407, 116.4556858147714)"
154,6976246,1301935.0,0.013494068367,455,0.957725947522,"(40.071159029649593, 116.56471277842908)"
155,8254294,53660.0,0.0135100686317,207,0.957920310982,"(39.922911051212935, 116.41172332942556)"
156,6971350,1172311.0,0.0138596267076,323,0.958114674441,"(40.072057502246182, 116.56529894490036)"
157,8337622,119185.0,0.0138951651264,460,0.958309037901,"(39.950763701707096, 116.40175849941384)"
158,7950770,10666.0,0.0138983454996,19,0.958503401361,"(39.991194968553458, 116.44806565064479)"
159,9199723,20304.0,0.0139043997183,88,0.95869776482,"(39.974573225516622, 116.29859320046894)"
160,7084015,373079.0,0.0140156438995,81,0.95889212828,"(40.076999101527399, 116.55181711606097)"
161,8866888,6722.0,0.0140176482562,12,0.95908649174,"(40.077448337825693, 116.33845252051583)"
162,6481017,863.0,0.0140179055844,5,0.959280855199,"(39.832614555256065, 116.62391559202814)"
163,11919211,735.0,0.0140181247457,4,0.959475218659,"(40.467834681042227, 115.97327080890973)"
164,9743152,107796.0,0.0140502672081,16,0.959669582119,"(39.862713387241691, 116.2335287221571)"
165,9140716,53268.0,0.0140661505869,252,0.959863945578,"(39.870799640610961, 116.30562719812427)"
166,7671576,177899.0,0.0141191962651,629,0.960058309038,"(39.987601078167117, 116.48147713950763)"
167,7637263,24364.0,0.014126461089,105,0.960252672498,"(39.975471698113203, 116.48558030480658)"
168,6961554,1240476.0,0.0144963445105,333,0.960447035957,"(40.072057502246182, 116.56647127784291)"
169,7686073,138233.0,0.0145375626357,211,0.960641399417,"(39.89910152740341, 116.47971864009379)"
170,7475707,1688503.0,0.0150410381296,210,0.960835762877,"(40.010512129380054, 116.50492379835875)"
171,9679467,90698.0,0.0150680823341,10,0.961030126336,"(39.857771787960466, 116.24114888628371)"
172,8082719,139948.0,0.0151098118355,556,0.961224489796,"(39.857771787960466, 116.43223915592029)"
173,7798802,306374.0,0.015201166012,882,0.961418853256,"(39.932794249775384, 116.4662368112544)"
174,7984985,104678.0,0.0152323787535,465,0.961613216715,"(39.959299191374662, 116.44396248534585)"
175,10482629,8545.0,0.0152349266898,35,0.961807580175,"(39.808355795148245, 116.14501758499415)"
176,7788729,6875.0,0.0152369766679,14,0.962001943635,"(39.808355795148245, 116.46740914419696)"
177,7607864,1002709.0,0.0155359630535,377,0.962099125364,"(39.970530098831986, 116.48909730363424)"
178,8264396,57961.0,0.0155532457845,214,0.962196307094,"(40.060377358490562, 116.41055099648301)"
179,5551736,188.0,0.015553301842,4,0.962293488824,"(40.43414195867026, 116.73528722157093)"
180,8406232,112154.0,0.015586743767,377,0.962390670554,"(39.967834681042227, 116.39355216881594)"
181,7984886,216622.0,0.0156513358159,430,0.962487852284,"(39.914824797843664, 116.44396248534585)"
182,8959176,29735.0,0.0156602021572,4,0.962585034014,"(39.729739442946986, 116.32731535756156)"
183,8200380,129047.0,0.0156986812135,384,0.962682215743,"(39.906738544474393, 116.41817116060962)"
184,8269131,193039.0,0.0157562413161,454,0.962779397473,"(39.987151841868823, 116.40996483001173)"
185,7470810,2142523.0,0.016395095867,326,0.962876579203,"(40.010961365678348, 116.50550996483001)"
186,7205767,18338.0,0.0164005638665,61,0.962973760933,"(39.763432165318953, 116.53716295427903)"
187,8979031,30745.0,0.0164097313682,152,0.963070942663,"(39.847888589398025, 116.32497069167644)"
188,7974890,169377.0,0.0164602359682,400,0.963168124393,"(39.824977538185081, 116.44513481828839)"
189,8288432,178418.0,0.0165134364012,580,0.963265306122,"(39.85642407906559, 116.40762016412661)"
190,9018306,185788.0,0.0165688344106,690,0.963362487852,"(39.888769092542674, 116.32028135990622)"
191,7960491,178118.0,0.01662194539,678,0.963459669582,"(39.957502246181491, 116.44689331770223)"
192,9101611,181309.0,0.0166760078574,633,0.963556851312,"(39.906289308176099, 116.31031652989449)"
193,9155504,146383.0,0.0167196561383,575,0.963654033042,"(39.913027852650494, 116.30386869871045)"
194,8273986,130684.0,0.016758623313,508,0.963751214772,"(39.967834681042227, 116.40937866354045)"
195,8915448,148054.0,0.0168027698504,532,0.963848396501,"(39.888769092542674, 116.33259085580305)"
196,8322966,142049.0,0.0168451258251,442,0.963945578231,"(39.967834681042227, 116.40351699882767)"
197,8920454,82991.0,0.016869871967,309,0.964042759961,"(39.937286612758307, 116.33200468933178)"
198,8200530,123092.0,0.0169065753696,488,0.964139941691,"(39.974123989218327, 116.41817116060962)"
199,8386275,72811.0,0.0169282860531,250,0.964237123421,"(39.803863432165315, 116.39589683470106)"
200,8773536,86078.0,0.0169539526723,365,0.964334305151,"(39.947169811320755, 116.34958968347011)"
201,8876357,69110.0,0.0169745597967,244,0.96443148688,"(39.930548068283919, 116.33728018757327)"
202,8259172,481554.0,0.0171181489038,624,0.96452866861,"(39.913926325247076, 116.41113716295429)"
203,8308453,33435.0,0.0171281185059,162,0.96462585034,"(40.049146451033245, 116.40527549824151)"
204,7749924,67478.0,0.0171482390028,288,0.96472303207,"(39.978616352201257, 116.47209847596719)"
205,6829315,134966.0,0.0171884829784,446,0.9648202138,"(40.075202156334228, 116.58229777256741)"
206,8802905,119724.0,0.0172241821155,512,0.96491739553,"(39.93863432165319, 116.34607268464245)"
207,7984897,81370.0,0.0172484449098,309,0.965014577259,"(39.919766397124889, 116.44396248534585)"
208,8646231,78253.0,0.0172717782813,241,0.965111758989,"(39.966486972147351, 116.36483001172334)"
209,8264039,134197.0,0.0173117929576,395,0.965208940719,"(39.899999999999999, 116.41055099648301)"
210,6167659,24368.0,0.0173190589742,85,0.965306122449,"(39.883827493261457, 116.66143024618992)"
211,8675574,124342.0,0.0173561351001,492,0.965403304179,"(39.946271338724166, 116.36131301289566)"
212,8117054,236759.0,0.0174267315719,382,0.965500485909,"(39.879784366576821, 116.42813599062134)"
213,8636310,97473.0,0.0174557959365,224,0.965597667638,"(39.910332434860734, 116.36600234466589)"
214,9038007,74884.0,0.0174781247443,306,0.965694849368,"(39.937735849056601, 116.31793669402111)"
215,9038032,51047.0,0.0174933458683,214,0.965792031098,"(39.948966756513926, 116.31793669402111)"
216,8401377,71053.0,0.0175145323538,290,0.965889212828,"(39.987151841868823, 116.39413833528722)"
217,8097506,84506.0,0.0175397302362,424,0.965986394558,"(39.899550763701704, 116.43048065650645)"
218,8195368,43319.0,0.0175526470358,26,0.966083576288,"(39.855525606469001, 116.4187573270809)"
219,7118191,44994.0,0.0175660632846,180,0.966180758017,"(40.027583108715184, 116.54771395076202)"
220,8797898,92696.0,0.01759370325,347,0.966277939747,"(39.889667565139263, 116.34665885111372)"
221,8940115,225089.0,0.0176608199773,147,0.966375121477,"(39.968283917340521, 116.32966002344666)"
222,7544273,71390.0,0.017682106949,91,0.966472303207,"(40.007816711590294, 116.49671746776085)"
223,8121902,42382.0,0.0176947443552,155,0.966569484937,"(39.857322551662172, 116.42754982415006)"
224,7759560,194603.0,0.0177527708092,725,0.966666666667,"(39.906738544474393, 116.47092614302463)"
225,9517826,489470.0,0.0178987202982,94,0.966763848397,"(39.854627133872413, 116.26049237983588)"
226,9517934,19351.0,0.0179044903526,52,0.966861030126,"(39.903144654088052, 116.26049237983588)"
227,8215255,47983.0,0.0179187978574,181,0.966958211856,"(39.988050314465404, 116.41641266119578)"
228,7969991,70621.0,0.0179398555297,225,0.967055393586,"(39.824528301886794, 116.44572098475967)"
229,7558804,504017.0,0.018090142623,141,0.967152575316,"(39.934591194968554, 116.49495896834702)"
230,8210356,166177.0,0.0181396930515,634,0.967249757046,"(39.987601078167117, 116.41699882766706)"
231,7612726,14125.0,0.0181439048245,71,0.967346938776,"(39.954357592093437, 116.48851113716296)"
232,11605481,9394.0,0.0181467059145,4,0.967444120505,"(40.35193171608266, 116.01078546307151)"
233,8572723,98213.0,0.0181759909313,297,0.967541302235,"(39.94941599281222, 116.37362250879251)"
234,7534463,43150.0,0.0181888573387,181,0.967638483965,"(40.001527403414194, 116.4978898007034)"
235,10252292,9749.0,0.0181917642821,14,0.967735665695,"(39.749505840071876, 116.17256740914421)"
236,8838872,22524.0,0.0181984804573,3,0.967832847425,"(40.693800539083554, 116.34196951934349)"
237,8288562,19115.0,0.0182041801416,67,0.967930029155,"(39.914824797843664, 116.40762016412661)"
238,2862090,9297.0,0.0182069523082,31,0.968027210884,"(40.144833782569627, 117.05709261430246)"
239,8508872,105357.0,0.0182383675131,424,0.968124392614,"(39.869901168014373, 116.38124267291911)"
240,9992863,373285.0,0.0183496731192,35,0.968221574344,"(39.823629829290205, 116.20363423212193)"
241,2470272,22372.0,0.0183563439712,48,0.968318756074,"(40.154716981132076, 117.10398593200469)"
242,2347816,9169.0,0.018359077971,8,0.968415937804,"(40.152021563342316, 117.11864009378664)"
243,7113391,340491.0,0.0184606051074,63,0.968513119534,"(40.071608265947887, 116.5483001172333)"
244,6339609,5570.0,0.0184622659623,3,0.968610301263,"(40.117430368373761, 116.64091441969519)"
245,12035106,12297.0,0.0184659326648,3,0.968707482993,"(39.723450134770886, 115.95920281359906)"
246,7064500,528019.0,0.0186233766414,2,0.968804664723,"(40.111590296495955, 116.55416178194608)"
247,8083087,503219.0,0.0187734257883,3,0.968901846453,"(40.023090745732254, 116.43223915592029)"
248,4855487,135862.0,0.0188139369319,1,0.968999028183,"(40.10485175202156, 116.81852286049238)"
249,697296,86736.0,0.0188397997527,1,0.969096209913,"(40.199640610961367, 117.31617819460728)"
250,2264551,8023.0,0.0188421920397,3,0.969193391642,"(40.152470799640611, 117.12860492379836)"
251,2803609,17181.0,0.0188473150466,2,0.969290573372,"(40.277358490566037, 117.0641266119578)"
252,4336740,17202.0,0.0188524443152,1,0.969387755102,"(40.302964959568733, 116.88065650644783)"
253,4768667,16244.0,0.0188572879287,1,0.969484936832,"(40.70862533692722, 116.82907385697538)"
254,7348157,5221.0,0.0188588447193,5,0.969582118562,"(39.919766397124889, 116.52016412661196)"
255,8479070,3747.0,0.0188599619946,3,0.969679300292,"(39.683917340521113, 116.38475967174678)"
256,8234728,346452.0,0.0189632665737,4,0.969776482021,"(39.934591194968554, 116.41406799531067)"
257,7715342,2936.0,0.0189641420262,5,0.969873663751,"(39.84564240790656, 116.47620164126613)"
258,6359684,3003.0,0.0189650374566,12,0.969970845481,"(40.334411500449235, 116.63856975381009)"
259,4845821,1837.0,0.0189655852107,1,0.970068027211,"(40.163252470799641, 116.81969519343494)"
260,6128836,1825.0,0.0189661293867,1,0.970165208941,"(40.046001796945191, 116.66611957796015)"
261,8215091,72325.0,0.0189876951553,235,0.970262390671,"(39.91437556154537, 116.41641266119578)"
262,10585297,1588.0,0.018988168663,1,0.9703595724,"(39.723000898472598, 116.13270808909731)"
263,12171937,1320.0,0.0189885622588,1,0.97045675413,"(39.582839173405212, 115.94279015240329)"
264,11997553,623.0,0.018988748024,2,0.97055393586,"(40.456154537286608, 115.96389214536929)"
265,1809112,1120.0,0.0189890819841,1,0.97065111759,"(40.186163522012578, 117.1831184056272)"
266,8686701,962.0,0.0189893688319,2,0.97074829932,"(40.544204851752021, 116.36014067995312)"
267,8778188,612.0,0.0189895513172,2,0.97084548105,"(39.8366576819407, 116.34900351699883)"
268,5752313,580.0,0.0189897242608,1,0.970942662779,"(40.32587601078167, 116.71125439624853)"
269,11888022,1644.0,0.0189902144665,7,0.971039844509,"(39.658760107816711, 115.97678780773741)"
270,8033796,69672.0,0.0190109891673,387,0.971137026239,"(39.883378256963162, 116.43810082063307)"
271,6613432,1042.0,0.0190112998694,2,0.971234207969,"(39.908535489667564, 116.60808909730363)"
272,7984912,51414.0,0.019026630425,241,0.971331389699,"(39.926504941599276, 116.44396248534585)"
273,7573333,5446.0,0.0190282543057,2,0.971428571429,"(39.860467205750226, 116.49320046893318)"
274,9292893,23594.0,0.0190352895321,95,0.971525753158,"(40.023090745732254, 116.28745603751466)"
275,5462428,301.0,0.0190353792838,1,0.971622934888,"(39.920215633423176, 116.74583821805393)"
276,6226446,19835.0,0.0190412936568,62,0.971720116618,"(39.888769092542674, 116.6543962485346)"
277,7617750,276.0,0.0190413759541,1,0.971817298348,"(40.010961365678348, 116.48792497069168)"
278,9178930,251.0,0.0190414507969,1,0.971914480078,"(39.435040431266842, 116.30093786635405)"
279,6961552,1419218.0,0.0194646312612,762,0.972011661808,"(40.071159029649593, 116.56647127784291)"
280,4800654,232.0,0.0194647004387,1,0.972108843537,"(39.675831087151842, 116.82497069167644)"
281,7651793,11717.0,0.0194681941976,58,0.972206025267,"(39.901796945193169, 116.48382180539274)"
282,8680332,147421.0,0.0195121519879,206,0.972303206997,"(39.883378256963162, 116.36072684642438)"
283,7539276,83966.0,0.0195371888539,289,0.972400388727,"(39.963342318059297, 116.49730363423213)"
284,10051601,6354.0,0.0195390834808,36,0.972497570457,"(39.806558849955074, 116.1966002344666)"
285,11227131,174.0,0.0195391353639,1,0.972594752187,"(39.811051212938004, 116.05592028135992)"
286,8753932,21070.0,0.0195454179874,26,0.972691933916,"(39.941778975741236, 116.35193434935522)"
287,5021275,157.0,0.0195454648014,1,0.972789115646,"(39.770619946091642, 116.79859320046894)"
288,9014022,157.0,0.0195455116155,1,0.972886297376,"(40.164600179694517, 116.3208675263775)"
289,6173110,852.0,0.0195457656637,2,0.972983479106,"(40.132255166217426, 116.66084407971864)"
290,4611184,3265.0,0.0195467392169,4,0.973080660836,"(40.373045822102426, 116.84783118405628)"
291,6462498,10290.0,0.0195498074749,8,0.973177842566,"(40.314645103324345, 116.62626025791326)"
292,8117071,1046.0,0.0195501193697,8,0.973275024295,"(39.887421383647798, 116.42813599062134)"
293,7867408,6606.0,0.0195520891377,23,0.973372206025,"(39.948068283917337, 116.45803048065652)"
294,6379244,733.0,0.0195523077026,2,0.973469387755,"(40.320035938903864, 116.63622508792497)"
295,4860459,134.0,0.0195523476585,1,0.973566569485,"(40.138095238095239, 116.81793669402111)"
296,8460082,66934.0,0.0195723059463,166,0.973663751215,"(39.955256064690026, 116.3871043376319)"
297,8112169,2948.0,0.0195731849768,18,0.973760932945,"(39.885624438454627, 116.42872215709262)"
298,6834679,120.0,0.0195732207583,1,0.973858114674,"(40.284546271338726, 116.58171160609614)"
299,1490663,139354.0,0.0196147731416,4,0.973955296404,"(40.15067385444744, 117.22121922626026)"
300,6735878,1615.0,0.0196152547001,3,0.974052478134,"(39.906738544474393, 116.5934349355217)"
301,8778302,17290.0,0.0196204102084,63,0.974149659864,"(39.887870619946092, 116.34900351699883)"
302,7524383,35690.0,0.0196310522034,79,0.974246841594,"(39.873944294699008, 116.49906213364596)"
303,8504189,15990.0,0.0196358200795,71,0.974344023324,"(39.966486972147351, 116.38182883939039)"
304,6897721,4448.0,0.019637146378,15,0.974441205053,"(40.000628930817612, 116.57409144196953)"
305,6515042,1874.0,0.0196377051647,2,0.974538386783,"(39.715363881401615, 116.6198124267292)"
306,7759612,27186.0,0.0196458114487,113,0.974635568513,"(39.930098831985624, 116.47092614302463)"
307,8303084,2001.0,0.0196464081041,12,0.974732750243,"(39.837556154537282, 116.40586166471279)"
308,7837979,139.0,0.0196464495509,3,0.974829931973,"(39.92964959568733, 116.46154747948418)"
309,8650904,7873.0,0.0196487971112,19,0.974927113703,"(39.865408805031443, 116.36424384525206)"
310,8215049,7316.0,0.019650978586,24,0.975024295432,"(39.895507637017069, 116.41641266119578)"
311,7348149,105478.0,0.0196824298705,450,0.975121477162,"(39.91617250673854, 116.52016412661196)"
312,6216715,2912.0,0.0196832981666,3,0.975218658892,"(39.917969451931718, 116.65556858147714)"
313,6329082,80.0,0.0196833220209,2,0.975315840622,"(39.789038634321649, 116.64208675263775)"
314,5021218,70.0,0.0196833428934,1,0.975413022352,"(39.745013477088946, 116.79859320046894)"
315,6157875,70.0,0.0196833637659,1,0.975510204082,"(39.889218328840968, 116.66260257913248)"
316,8635807,70.0,0.0196833846384,1,0.975607385811,"(39.684366576819407, 116.36600234466589)"
317,8239527,1504.0,0.019683833099,6,0.975704567541,"(39.890116801437557, 116.41348182883939)"
318,10370248,78926.0,0.0197073671448,3,0.975801749271,"(39.930997304582206, 116.15849941383354)"
319,7793889,82710.0,0.0197320294984,319,0.975898931001,"(39.926055705300989, 116.46682297772568)"
320,8538183,26063.0,0.0197398009278,6,0.975996112731,"(39.835309973045824, 116.37772567409145)"
321,9743097,503.0,0.0197399509116,3,0.976093294461,"(39.838005390835576, 116.2335287221571)"
322,6084427,355.0,0.019740056765,2,0.97619047619,"(39.89910152740341, 116.67139507620165)"
323,10713046,70.0,0.0197400776375,2,0.97628765792,"(39.903144654088052, 116.11746776084408)"
324,7838034,198097.0,0.0197991459276,451,0.97638483965,"(39.954357592093437, 116.46154747948418)"
325,9081977,110575.0,0.0198321170285,384,0.97648202138,"(39.887421383647798, 116.31266119577961)"
326,9969171,50.0,0.0198321319374,1,0.97657920311,"(40.182120395327942, 116.20656506447831)"
327,10359886,47.0,0.0198321459518,1,0.97667638484,"(39.676729559748424, 116.15967174677608)"
328,8822384,76730.0,0.0198550251973,312,0.976773566569,"(39.887870619946092, 116.34372801875733)"
329,8837300,31868.0,0.0198645275535,93,0.976870748299,"(39.987601078167117, 116.34196951934349)"
330,8107037,62450.0,0.0198831488083,5,0.976967930029,"(39.780503144654084, 116.4293083235639)"
331,8033928,148208.0,0.0199273412652,428,0.977065111759,"(39.942677448337825, 116.43810082063307)"
332,7578257,5215.0,0.0199288962667,8,0.977162293489,"(39.872147349505838, 116.4926143024619)"
333,7984640,12859.0,0.0199327305456,3,0.977259475219,"(39.804312668463609, 116.44396248534585)"
334,8455150,106412.0,0.0199644603289,437,0.977356656948,"(39.939982030548066, 116.38769050410318)"
335,7509821,168113.0,0.0200145880312,6,0.977453838678,"(39.933243486073671, 116.50082063305979)"
336,9072231,159231.0,0.020062067311,324,0.977551020408,"(39.90988319856244, 116.31383352872216)"
337,9140924,5196.0,0.0200636166471,17,0.977648202138,"(39.964240790655886, 116.30562719812427)"
338,9351281,507.0,0.0200637678236,3,0.977745383868,"(39.848787061994607, 116.28042203985933)"
339,8376841,4088.0,0.0200649867778,15,0.977842565598,"(39.966486972147351, 116.39706916764362)"
340,8014534,190.0,0.0200650434318,3,0.977939747328,"(40.03162623539982, 116.44044548651817)"
341,8386403,1512.0,0.0200654942778,6,0.978036929057,"(39.861365678346807, 116.39589683470106)"
342,7138078,1248.0,0.0200658664047,3,0.978134110787,"(40.160107816711587, 116.54536928487691)"
343,5527241,344.0,0.0200659689782,2,0.978231292517,"(40.431895777178795, 116.73821805392733)"
344,6192652,54.0,0.0200659850798,2,0.978328474247,"(40.109793351302784, 116.65849941383354)"
345,6241207,42.0,0.0200659976033,1,0.978425655977,"(39.9188679245283, 116.65263774912076)"
346,6251580,42.0,0.0200660101268,1,0.978522837707,"(40.178077268643307, 116.6514654161782)"
347,6588383,42.0,0.0200660226503,1,0.978620019436,"(39.657412398921835, 116.61101992966003)"
348,8307814,42.0,0.0200660351738,1,0.978717201166,"(39.762084456424077, 116.40527549824151)"
349,8342461,42.0,0.0200660476973,1,0.978814382896,"(39.924258760107818, 116.40117233294256)"
350,9062247,42.0,0.0200660602209,1,0.978911564626,"(39.825426774483375, 116.31500586166472)"
351,10694916,42.0,0.0200660727444,1,0.979008746356,"(40.559928122192275, 116.1198124267292)"
352,11091533,42.0,0.0200660852679,1,0.979105928086,"(40.505570530098829, 116.07233294255569)"
353,11848936,42.0,0.0200660977914,1,0.979203109815,"(39.702785265049414, 115.98147713950763)"
354,12412121,42.0,0.0200661103149,1,0.979300291545,"(39.664600179694517, 115.91406799531067)"
355,8704803,85003.0,0.0200914563921,303,0.979397473275,"(39.874842767295597, 116.357796014068)"
356,6790139,137680.0,0.0201325096244,288,0.979494655005,"(40.078796046720576, 116.58698710433764)"
357,9336753,117524.0,0.0201675527685,432,0.979591836735,"(39.92336028751123, 116.28218053927316)"
358,8822361,41645.0,0.0201799704172,118,0.979689018465,"(39.877538185085356, 116.34372801875733)"
359,2690774,637.0,0.0201801603569,2,0.979786200194,"(40.196046720575019, 117.07760844079719)"
360,6981144,1049970.0,0.0204932389623,757,0.979883381924,"(40.071159029649593, 116.5641266119578)"
361,8332641,125545.0,0.0205306737971,262,0.979980563654,"(39.913477088948788, 116.40234466588512)"
362,9606000,33499.0,0.0205406624827,123,0.980077745384,"(39.859119496855342, 116.24994138335288)"
363,2142172,825.0,0.0205409084801,2,0.980174927114,"(40.184366576819407, 117.14325908558031)"
364,8925233,27322.0,0.0205490553163,68,0.980272108844,"(39.883827493261457, 116.3314185228605)"
365,7926251,47496.0,0.020563217608,178,0.980369290573,"(39.978167115902963, 116.45099648300118)"
366,10971972,438.0,0.0205633482103,3,0.980466472303,"(39.603054806828389, 116.08640093786636)"
367,6064815,30.0,0.0205633571556,1,0.980563654033,"(39.890116801437557, 116.67373974208675)"
368,9047852,32708.0,0.0205731099819,99,0.980660835763,"(39.959748427672956, 116.31676436107855)"
369,8993812,9316.0,0.0205758878139,39,0.980758017493,"(39.886972147349503, 116.3232121922626)"
370,5458177,5798.0,0.0205776166536,25,0.980855199223,"(40.210871518418685, 116.74642438452521)"
371,10125351,184755.0,0.0206327066445,4,0.980952380952,"(39.932345013477089, 116.18780773739742)"
372,8856738,845.0,0.0206329586054,8,0.981049562682,"(39.918418688230005, 116.33962485345839)"
373,7715221,266703.0,0.0207124837378,7,0.981146744412,"(39.791284815813114, 116.47620164126613)"
374,10967843,19052.0,0.0207181646369,6,0.981243926142,"(39.948517520215631, 116.08698710433764)"
375,8758782,7282.0,0.0207203359736,35,0.981341107872,"(39.920215633423176, 116.35134818288394)"
376,10090840,16788.0,0.0207253417963,38,0.981438289602,"(39.831266846361181, 116.19191090269638)"
377,8166274,55702.0,0.0207419509417,212,0.981535471331,"(39.987601078167117, 116.42227432590856)"
378,8846988,1595.0,0.0207424265366,4,0.981632653061,"(39.939083557951484, 116.34079718640095)"
379,8582336,5900.0,0.0207441857905,25,0.981729834791,"(39.867205750224613, 116.37245017584995)"
380,7240417,68696.0,0.020764669469,5,0.981827016521,"(39.926954177897571, 116.53305978898008)"
381,6314387,19976.0,0.0207706258851,4,0.981924198251,"(39.788589398023362, 116.64384525205159)"
382,8097896,2647.0,0.0207714151639,13,0.982021379981,"(40.074752920035941, 116.43048065650645)"
383,6231311,3037.0,0.0207723207323,3,0.98211856171,"(39.873944294699008, 116.65381008206332)"
384,2137267,65292.0,0.0207917894108,4,0.98221574344,"(40.181221922731353, 117.14384525205159)"
385,8499052,9488.0,0.0207946185295,14,0.98231292517,"(39.859119496855342, 116.38241500586167)"
386,7930933,3631.0,0.0207957012161,9,0.9824101069,"(39.881132075471697, 116.4504103165299)"
387,7754425,1073.0,0.0207960211617,5,0.98250728863,"(39.800269541778974, 116.47151230949591)"
388,7857695,4193.0,0.0207972714247,7,0.98260447036,"(39.985354896675652, 116.45920281359906)"
389,12887063,6279.0,0.0207991436883,3,0.982701652089,"(39.590925426774483, 115.85720984759672)"
390,6285770,2084.0,0.0207997650925,5,0.982798833819,"(40.134950584007186, 116.64736225087925)"
391,1696496,11516.0,0.0208031989175,4,0.982896015549,"(40.203234501347708, 117.1966002344666)"
392,5629487,6028.0,0.0208049963382,2,0.982993197279,"(40.156963162623541, 116.72590855803048)"
393,9381298,1228.0,0.0208053625015,2,0.983090379009,"(40.131356693620845, 116.27690504103165)"
394,8920141,1017.0,0.0208056657492,5,0.983187560739,"(39.796675651392633, 116.33200468933178)"
395,8072909,1998.0,0.0208062615101,8,0.983284742468,"(39.851482479784366, 116.43341148886284)"
396,2147072,644.0,0.0208064535371,2,0.983381924198,"(40.185265049415989, 117.14267291910903)"
397,8656275,352.0,0.020806558496,3,0.983479105928,"(40.077897574123988, 116.36365767878078)"
398,5874411,928.0,0.0208068352058,3,0.983576287658,"(40.167744833782571, 116.6966002344666)"
399,2377167,328.0,0.0208069330083,2,0.983673469388,"(40.13539982030548, 117.11512309495897)"
400,8719696,166.0,0.020806982506,3,0.983770651118,"(39.964240790655886, 116.35603751465416)"
401,11785072,121.0,0.0208070185856,2,0.983867832847,"(39.617430368373761, 115.98909730363424)"
402,4968983,64.0,0.020807037669,2,0.983965014577,"(40.483108715184187, 116.80504103165299)"
403,6255901,150.0,0.0208070823958,2,0.984062196307,"(39.9188679245283, 116.65087924970692)"
404,7074802,40.0,0.020807094323,2,0.984159378037,"(40.338903863432165, 116.55298944900352)"
405,2284218,28.0,0.020807102672,1,0.984256559767,"(40.186163522012578, 117.12626025791326)"
406,2451754,28.0,0.020807111021,1,0.984353741497,"(40.637196765498651, 117.10633059788981)"
407,3802508,28.0,0.02080711937,1,0.984450923226,"(40.145732255166216, 116.94454865181712)"
408,4297756,28.0,0.020807127719,1,0.984548104956,"(40.392812219227309, 116.88534583821806)"
409,4425116,28.0,0.020807136068,1,0.984645286686,"(40.398203054806828, 116.87010550996483)"
410,5350682,28.0,0.020807144417,1,0.984742468416,"(40.328122192273135, 116.75932004689332)"
411,5422878,28.0,0.020807152766,1,0.984839650146,"(39.755795148247977, 116.75052754982416)"
412,5600615,28.0,0.020807161115,1,0.984936831876,"(40.388769092542674, 116.72942555685816)"
413,6021811,28.0,0.020807169464,1,0.985034013605,"(40.374393530997303, 116.67901524032825)"
414,9948521,28.0,0.020807177813,1,0.985131195335,"(39.706828391734049, 116.20890973036343)"
415,10223550,28.0,0.020807186162,1,0.985228377065,"(40.039712488769091, 116.17608440797187)"
416,11091719,28.0,0.020807194511,1,0.985325558795,"(40.589128481581312, 116.07233294255569)"
417,12906713,28.0,0.02080720286,1,0.985422740525,"(39.616981132075473, 115.85486518171162)"
418,8180781,1344479.0,0.0212080977525,883,0.985519922255,"(39.90359389038634, 116.42051582649474)"
419,8263941,108847.0,0.0212405536007,449,0.985617103984,"(39.855974842767296, 116.41055099648301)"
420,5247597,251.0,0.0212406284435,2,0.985714285714,"(40.226145552560645, 116.77162954279015)"
421,8768534,174131.0,0.0212925505848,707,0.985811467444,"(39.900449236298293, 116.35017584994139)"
422,8651130,241579.0,0.0213645842775,877,0.985908649174,"(39.966936208445638, 116.36424384525206)"
423,8518636,199590.0,0.0214240977482,736,0.986005830904,"(39.855525606469001, 116.38007033997656)"
424,7754655,218284.0,0.0214891853701,805,0.986103012634,"(39.90359389038634, 116.47151230949591)"
425,8832141,54058.0,0.0215053043099,194,0.986200194363,"(39.870350404312667, 116.34255568581477)"
426,9077190,177823.0,0.0215583273266,422,0.986297376093,"(39.937286612758307, 116.31324736225089)"
427,8797895,203251.0,0.0216189324292,749,0.986394557823,"(39.888319856244387, 116.34665885111372)"
428,8621587,116842.0,0.0216537722155,487,0.986491739553,"(39.897304582210239, 116.36776084407973)"
429,7891780,165814.0,0.0217032144052,675,0.986588921283,"(39.895058400718774, 116.45509964830012)"
430,8621605,208451.0,0.0217653700366,796,0.986686103013,"(39.90539083557951, 116.36776084407973)"
431,8690333,156196.0,0.0218119443443,597,0.986783284742,"(39.975471698113203, 116.35955451348184)"
432,7891809,199659.0,0.0218714783894,776,0.986880466472,"(39.90808625336927, 116.45509964830012)"
433,8807803,197635.0,0.0219304089209,747,0.986977648202,"(39.93863432165319, 116.34548651817117)"
434,7984870,250217.0,0.0220050182806,872,0.987074829932,"(39.907637017070975, 116.44396248534585)"
435,9096661,70147.0,0.0220259346162,279,0.987172011662,"(39.882929020664868, 116.31090269636577)"
436,6839101,458676.0,0.0221627019928,991,0.987269193392,"(40.070709793351298, 116.58112543962486)"
437,8841977,120826.0,0.0221987297227,562,0.987366375121,"(39.888319856244387, 116.34138335287223)"
438,7411766,626960.0,0.0223856757901,104,0.987463556851,"(39.890566037735844, 116.51254396248535)"
439,8626521,215772.0,0.0224500143873,863,0.987560738581,"(39.913477088948788, 116.36717467760845)"
440,8768507,158660.0,0.0224973234071,601,0.987657920311,"(39.888319856244387, 116.35017584994139)"
441,8646198,134603.0,0.0225374591438,513,0.987755102041,"(39.951662174303685, 116.36483001172334)"
442,8768565,136022.0,0.022578017996,532,0.987852283771,"(39.91437556154537, 116.35017584994139)"
443,8695242,172736.0,0.0226295241781,464,0.9879494655,"(39.980413297394428, 116.35896834701056)"
444,7833149,138667.0,0.0226708717128,259,0.98804664723,"(39.96019766397125, 116.46213364595546)"
445,8445378,103736.0,0.0227018035701,439,0.98814382896,"(39.950763701707096, 116.38886283704572)"
446,9038035,189632.0,0.0227583477781,679,0.98824101069,"(39.950314465408802, 116.31793669402111)"
447,8195584,222871.0,0.0228248031452,688,0.98833819242,"(39.952560646900267, 116.4187573270809)"
448,5566043,17.0,0.0228248082143,1,0.98843537415,"(40.260287511230906, 116.7335287221571)"
449,9228908,197831.0,0.0228837971888,154,0.988532555879,"(39.883378256963162, 116.29507620164127)"
450,7754678,190572.0,0.0229406216847,726,0.988629737609,"(39.913926325247076, 116.47151230949591)"
451,8087763,175700.0,0.0229930116682,607,0.988726919339,"(39.92336028751123, 116.43165298944901)"
452,8460109,123039.0,0.0230296992674,462,0.988824101069,"(39.967385444743933, 116.3871043376319)"
453,9052608,157146.0,0.0230765568448,506,0.988921282799,"(39.895956873315363, 116.31617819460728)"
454,8068394,592413.0,0.0232532017354,32,0.989018464529,"(40.023539982030549, 116.43399765533412)"
455,8788252,170596.0,0.0233040698152,666,0.989115646259,"(39.957053009883197, 116.34783118405628)"
456,8626514,203630.0,0.0233647879276,752,0.989212827988,"(39.910332434860734, 116.36717467760845)"
457,7877319,132834.0,0.0234043961863,401,0.989310009718,"(39.999730458221023, 116.45685814771396)"
458,8102405,115468.0,0.0234388262752,585,0.989407191448,"(39.899999999999999, 116.42989449003518)"
459,8631440,120898.0,0.023474875474,472,0.989504373178,"(39.922911051212935, 116.36658851113717)"
460,9258262,6005.0,0.0234766660366,18,0.989601554908,"(39.868104222821202, 116.2915592028136)"
461,7896620,93430.0,0.023504524865,274,0.989698736638,"(39.869002695417791, 116.45451348182884)"
462,2524128,88840.0,0.0235310150536,43,0.989795918367,"(40.144833782569627, 117.09753810082064)"
463,8993832,106362.0,0.023562729928,452,0.989893100097,"(39.895956873315363, 116.3232121922626)"
464,8572762,115202.0,0.0235970807013,452,0.989990281827,"(39.966936208445638, 116.37362250879251)"
465,8553004,2389.0,0.02359779305,6,0.990087463557,"(39.892362982929022, 116.37596717467761)"
466,7891797,171671.0,0.0236489816719,560,0.990184645287,"(39.902695417789758, 116.45509964830012)"
467,10115520,2441.0,0.0236497095259,18,0.990281827017,"(39.916621743036835, 116.18898007033998)"
468,7250235,8018.0,0.023652100322,5,0.990379008746,"(39.936837376460019, 116.53188745603752)"
469,4635688,3518.0,0.0236531493144,12,0.990476190476,"(40.379335130278527, 116.84490035169989)"
470,13004590,619.0,0.023653333887,2,0.990573372206,"(39.579694519317158, 115.84314185228605)"
471,8097524,125414.0,0.0236907296604,545,0.990670553936,"(39.907637017070975, 116.43048065650645)"
472,4233467,16.0,0.0236907344313,1,0.990767735666,"(40.116531895777179, 116.89296600234468)"
473,6493756,16.0,0.0236907392021,1,0.990864917396,"(41.154716981132076, 116.62274325908558)"
474,9224064,96034.0,0.0237193744877,332,0.990962099125,"(39.907637017070975, 116.29566236811254)"
475,8425761,92941.0,0.0237470875068,373,0.991059280855,"(39.939532794249772, 116.39120750293084)"
476,8215050,130350.0,0.0237859550899,467,0.991156462585,"(39.895956873315363, 116.41641266119578)"
477,8200518,131146.0,0.0238250600231,551,0.991253644315,"(39.968733153638816, 116.41817116060962)"
478,6848908,251647.0,0.0239000957783,604,0.991350826045,"(40.075651392632523, 116.5799531066823)"
479,8704780,100018.0,0.0239299190074,398,0.991448007775,"(39.864510332434861, 116.357796014068)"
480,8337612,65639.0,0.0239494911539,285,0.991545189504,"(39.946271338724166, 116.40175849941384)"
481,9145731,93091.0,0.0239772488998,386,0.991642371234,"(39.92336028751123, 116.30504103165299)"
482,8107324,139545.0,0.0240188582352,520,0.991739552964,"(39.909433962264153, 116.4293083235639)"
483,8749109,96101.0,0.0240475134988,324,0.991836734694,"(39.975471698113203, 116.3525205158265)"
484,7955595,30096.0,0.0240564874825,174,0.991933916424,"(39.958400718778073, 116.44747948417351)"
485,9282841,76827.0,0.0240793956513,291,0.992031098154,"(39.90808625336927, 116.28862837045722)"
486,8846820,87823.0,0.0241055825923,57,0.992128279883,"(39.863611859838272, 116.34079718640095)"
487,9145770,54772.0,0.0241219144316,261,0.992225461613,"(39.940880503144655, 116.30504103165299)"
488,7039573,79680.0,0.024145673304,314,0.992322643343,"(39.915274034141959, 116.55709261430246)"
489,8126984,130066.0,0.0241844562044,638,0.992419825073,"(39.939982030548066, 116.42696365767878)"
490,8112123,96803.0,0.0242133207893,344,0.992517006803,"(39.864959568733155, 116.42872215709262)"
491,8851883,77315.0,0.0242363744693,333,0.992614188533,"(39.937735849056601, 116.34021101992967)"
492,7945723,104419.0,0.0242675099826,255,0.992711370262,"(39.924258760107818, 116.44865181711607)"
493,8112320,152769.0,0.0243130624322,371,0.992808551992,"(39.953459119496856, 116.42872215709262)"
494,8557878,158563.0,0.0243603425286,250,0.992905733722,"(39.881581311769992, 116.37538100820633)"
495,9199653,89850.0,0.0243871338776,259,0.993002915452,"(39.94312668463612, 116.29859320046894)"
496,7015731,1628.0,0.0243876193124,3,0.993100097182,"(40.206379155435755, 116.56002344665886)"
497,10560837,14805.0,0.0243920338469,43,0.993197278912,"(39.736477987421381, 116.1356389214537)"
498,8229709,79995.0,0.0244158866456,318,0.993294460641,"(39.880233602875109, 116.41465416178195)"
499,5498655,20414.0,0.0244219736639,2,0.993391642371,"(40.792183288409703, 116.74173505275499)"
500,8802946,82572.0,0.0244465948689,333,0.993488824101,"(39.957053009883197, 116.34607268464245)"
501,7528945,315.0,0.0244466887952,2,0.993586005831,"(39.723000898472598, 116.49847596717468)"
502,5797539,15.0,0.0244466932678,1,0.993683187561,"(40.839802336028747, 116.70597889800705)"
503,8254389,62368.0,0.024465290072,236,0.993780369291,"(39.965588499550762, 116.41172332942556)"
504,8949722,30262.0,0.0244743135534,118,0.99387755102,"(39.883378256963162, 116.3284876905041)"
505,7544151,138428.0,0.0245155898234,89,0.99397473275,"(39.953009883198561, 116.49671746776085)"
506,7794071,28633.0,0.0245241275718,139,0.99407191448,"(40.007816711590294, 116.46682297772568)"
507,7666261,64888.0,0.0245434757861,59,0.99416909621,"(39.800269541778974, 116.4820633059789)"
508,8396185,34285.0,0.02455369884,217,0.99426627794,"(39.855076370170707, 116.3947245017585)"
509,7891742,62067.0,0.0245722058924,198,0.99436345967,"(39.877987421383644, 116.45509964830012)"
510,7935791,62632.0,0.0245908814157,283,0.994460641399,"(39.863162623539978, 116.44982415005862)"
511,7392228,40017.0,0.0246028136296,117,0.994557823129,"(39.914824797843664, 116.51488862837046)"
512,8014200,2668.0,0.0246036091701,6,0.994655004859,"(39.881581311769992, 116.44044548651817)"
513,7828332,115050.0,0.0246379146203,248,0.994752186589,"(39.99658580413297, 116.46271981242674)"
514,7490392,48150.0,0.0246522719209,208,0.994849368319,"(40.006469002695418, 116.50316529894491)"
515,8719567,45574.0,0.0246658611133,204,0.994946550049,"(39.906289308176099, 116.35603751465416)"
516,9145730,37520.0,0.0246770487751,189,0.995043731778,"(39.922911051212935, 116.30504103165299)"
517,4635679,23014.0,0.0246839110578,55,0.995140913508,"(40.375292003593891, 116.84490035169989)"
518,8974416,51805.0,0.0246993582012,105,0.995238095238,"(39.975022461814916, 116.32555685814772)"
519,9194839,57459.0,0.0247164912465,226,0.995335276968,"(39.980862533692722, 116.29917936694022)"
520,7837845,61120.0,0.0247347159238,151,0.995432458698,"(39.869451931716078, 116.46154747948418)"
521,8092793,56500.0,0.0247515630158,128,0.995529640428,"(39.982659478885893, 116.43106682297773)"
522,8846830,67499.0,0.0247716897745,162,0.995626822157,"(39.868104222821202, 116.34079718640095)"
523,8268926,42633.0,0.0247844020235,111,0.995724003887,"(39.895058400718774, 116.40996483001173)"
524,6784868,22886.0,0.0247912261394,87,0.995821185617,"(39.911230907457323, 116.58757327080892)"
525,8019015,40268.0,0.0248032331961,187,0.995918367347,"(39.844294699011677, 116.43985932004689)"
526,8410893,29312.0,0.0248119734078,110,0.996015549077,"(39.861365678346807, 116.39296600234468)"
527,8190578,74142.0,0.024834080967,300,0.996112730807,"(39.904043126684634, 116.41934349355218)"
528,8220270,35414.0,0.0248446406647,131,0.996209912536,"(40.04061096136568, 116.41582649472451)"
529,8670753,27114.0,0.0248527254798,99,0.996307094266,"(39.980862533692722, 116.36189917936694)"
530,9233767,19417.0,0.024858515214,74,0.996404275996,"(39.865858041329737, 116.29449003517)"
531,8709701,31482.0,0.0248679024733,140,0.996501457726,"(39.874842767295597, 116.35720984759672)"
532,8989243,16981.0,0.0248729658445,80,0.996598639456,"(40.034770889487866, 116.32379835873388)"
533,8028993,64200.0,0.0248921089119,197,0.996695821186,"(39.926055705300989, 116.43868698710435)"
534,9336831,34471.0,0.0249023874271,144,0.996793002915,"(39.958400718778073, 116.28218053927316)"
535,8347502,29578.0,0.0249112069543,182,0.996890184645,"(39.988499550763699, 116.40058616647129)"
536,7108393,46638.0,0.0249251134087,191,0.996987366375,"(40.026684636118596, 116.54888628370458)"
537,8205338,731.0,0.0249253313773,6,0.997084548105,"(39.933692722371966, 116.41758499413834)"
538,8063369,16470.0,0.0249302423792,53,0.997181729835,"(39.966486972147351, 116.4345838218054)"
539,9028190,21750.0,0.0249367277642,83,0.997278911565,"(39.928301886792454, 116.31910902696366)"
540,8386304,28547.0,0.0249452398692,107,0.997376093294,"(39.81689128481581, 116.39589683470106)"
541,8606920,19107.0,0.0249509371681,87,0.997473275024,"(39.909433962264153, 116.36951934349356)"
542,7593073,147898.0,0.0249950371896,57,0.997570456754,"(39.926954177897571, 116.49085580304808)"
543,8391229,16792.0,0.025000044205,78,0.997667638484,"(39.829020664869716, 116.39531066822978)"
544,8063492,252483.0,0.0250753292374,17,0.997764820214,"(40.021743036837378, 116.4345838218054)"
545,9037945,28592.0,0.0250838547605,114,0.997862001944,"(39.90988319856244, 116.31793669402111)"
546,9699257,12435.0,0.0250875626117,54,0.997959183673,"(39.946720575022461, 116.23880422039861)"
547,9204597,14555.0,0.0250919026015,50,0.998056365403,"(39.963791554357591, 116.29800703399766)"
548,7524480,31125.0,0.025101183411,49,0.998153547133,"(39.917520215633424, 116.49906213364596)"
549,12994883,182457.0,0.0251555881874,4,0.998250728863,"(39.619676549865225, 115.84431418522861)"
550,8582289,23581.0,0.0251626195375,10,0.998347910593,"(39.846091644204847, 116.37245017584995)"
551,8430443,171492.0,0.0252137547853,45,0.998445092323,"(39.842497753818506, 116.39062133645956)"
552,8024076,12769.0,0.0252175622281,69,0.998542274052,"(39.917520215633424, 116.43927315357563)"
553,7769186,7585.0,0.0252198239129,42,0.998639455782,"(39.8303683737646, 116.46975381008207)"
554,6961566,173981.0,0.0252717013274,6,0.998736637512,"(40.077448337825693, 116.56647127784291)"
555,6902175,314.0,0.0252717949555,2,0.998833819242,"(39.801168014375563, 116.57350527549825)"
556,9395605,3280.0,0.0252727729813,6,0.998931000972,"(39.957502246181491, 116.27514654161783)"
557,2568191,6274.0,0.025274643754,8,0.999028182702,"(40.136298292902062, 117.09226260257914)"
558,2779114,1796.0,0.0252751792828,8,0.999125364431,"(40.275112309074572, 117.06705744431419)"
559,7201194,4245.0,0.025276445051,9,0.999222546161,"(39.909433962264153, 116.53774912075031)"
560,12644183,106508.0,0.0253082034595,3,0.999319727891,"(40.498382749326147, 115.88651817116062)"
561,8450277,487.0,0.0253083486725,7,0.999416909621,"(39.951212938005391, 116.38827667057446)"
562,8959225,163.0,0.0253083972756,2,0.999514091351,"(39.751752021563341, 116.32731535756156)"
563,7823414,959.0,0.0253086832289,4,0.999611273081,"(39.987601078167117, 116.46330597889801)"
564,971568,14.0,0.0253086874034,1,0.99970845481,"(40.192452830188678, 117.28335287221572)"
565,5687523,14.0,0.0253086915779,1,0.99980563654,"(39.824528301886794, 116.71887456037516)"
566,10149667,14.0,0.0253086957524,1,0.99990281827,"(39.854177897574125, 116.18487690504104)"
567,11148327,14.0,0.0253086999269,1,1.0,"(39.615184186882296, 116.06529894490036)"
568,8097412,33654.0,0.0253187348301,150,1.0,"(39.857322551662172, 116.43048065650645)"
569,7989768,124025.0,0.0253557164335,519,1.0,"(39.907637017070975, 116.44337631887457)"
570,6829289,352203.0,0.0254607358379,789,1.0,"(40.063522012578616, 116.58229777256741)"
571,9155499,211567.0,0.0255238205939,627,1.0,"(39.910781671159029, 116.30386869871045)"
572,9405473,11749.0,0.0255273238945,12,1.0,"(39.989847259658582, 116.27397420867527)"
573,6334076,7870.0,0.0255296705602,14,1.0,"(39.83216531895777, 116.64150058616647)"
574,6971351,615357.0,0.0257131568611,187,1.0,"(40.072506738544476, 116.56529894490036)"
575,9141075,86325.0,0.0257388971305,136,1.0,"(40.032075471698114, 116.30562719812427)"
576,8773505,98204.0,0.0257681794637,355,1.0,"(39.933243486073671, 116.34958968347011)"
577,7338353,121378.0,0.0258043717882,506,1.0,"(39.91617250673854, 116.52133645955452)"
578,8734185,183298.0,0.0258590273328,28,1.0,"(39.872147349505838, 116.35427901524034)"
579,7441421,112834.0,0.0258926720192,160,1.0,"(40.010512129380054, 116.50902696365769)"
580,8920197,19240.0,0.0258984089758,80,1.0,"(39.821832884097034, 116.33200468933178)"
581,5413827,6732.0,0.0259004163143,4,1.0,"(40.090476190476188, 116.75169988276672)"
582,3209995,5943.0,0.0259021883898,3,1.0,"(40.210871518418685, 117.01547479484174)"
583,6834214,279792.0,0.0259856163822,482,1.0,"(40.075651392632523, 116.58171160609614)"
584,8969555,182136.0,0.0260399254433,605,1.0,"(39.991644204851752, 116.326143024619)"
585,8259434,97997.0,0.0260691460535,354,1.0,"(40.03162623539982, 116.41113716295429)"
586,8156055,3530.0,0.026070198624,2,1.0,"(39.797574123989214, 116.42344665885112)"
587,6197225,56.0,0.026070215322,1,1.0,"(39.963791554357591, 116.65791324736226)"
588,7485501,321897.0,0.0261661981252,44,1.0,"(40.009613656783465, 116.50375146541619)"
589,7505087,1162431.0,0.0265128101963,167,1.0,"(40.006918238993713, 116.50140679953107)"
590,8704959,141349.0,0.026554957446,558,1.0,"(39.94492362982929, 116.357796014068)"
591,7710328,5479.0,0.0265565911667,6,1.0,"(39.793530997304579, 116.47678780773741)"
592,8704782,200261.0,0.0266163047152,689,1.0,"(39.865408805031443, 116.357796014068)"
593,6584515,7727.0,0.0266186087414,2,1.0,"(40.12012578616352, 116.61160609613131)"
594,6966451,1127415.0,0.02695477979,334,1.0,"(40.071608265947887, 116.56588511137164)"
595,9023508,34988.0,0.0269652124636,8,1.0,"(40.025336927223719, 116.31969519343494)"
596,7940734,231670.0,0.0270342915044,795,1.0,"(39.883378256963162, 116.44923798358734)"
597,9209433,12047.0,0.0270378836622,49,1.0,"(39.93593890386343, 116.29742086752638)"
598,8714650,247279.0,0.0271116169731,770,1.0,"(39.897753818508534, 116.35662368112544)"
599,7945502,12313.0,0.0271152884465,37,1.0,"(39.824977538185081, 116.44865181711607)"
600,2735030,23423.0,0.0271222726843,2,1.0,"(40.274213836477983, 117.07233294255569)"
601,8337312,331.0,0.0271223713814,3,1.0,"(39.811500449236298, 116.40175849941384)"
602,2681253,28.0,0.0271223797304,1,1.0,"(40.319586702605569, 117.07878077373975)"
603,5320546,28.0,0.0271223880794,1,1.0,"(39.992093441150047, 116.76283704572099)"
604,5845079,28.0,0.0271223964284,1,1.0,"(40.192902066486973, 116.70011723329426)"
605,8425468,28.0,0.0271224047774,1,1.0,"(39.80790655884995, 116.39120750293084)"
606,11349083,28.0,0.0271224131264,1,1.0,"(39.587331536388142, 116.04126611957797)"
607,11814870,28.0,0.0271224214754,1,1.0,"(39.80161725067385, 115.98558030480658)"
608,8342422,154892.0,0.0271686069582,580,1.0,"(39.906738544474393, 116.40117233294256)"
609,9371117,40926.0,0.0271808102164,176,1.0,"(39.958400718778073, 116.27807737397421)"
610,8518639,147466.0,0.0272247814247,513,1.0,"(39.856873315363877, 116.38007033997656)"
611,8621574,230654.0,0.0272935575161,372,1.0,"(39.891464510332433, 116.36776084407973)"
612,8729472,219225.0,0.027358925724,464,1.0,"(39.955256064690026, 116.35486518171162)"
613,8895873,147625.0,0.0274029443427,548,1.0,"(39.896406109613658, 116.33493552168817)"
614,9483801,220442.0,0.027468675434,27,1.0,"(39.971877807726862, 116.26459554513482)"
615,7975073,160732.0,0.0275166022799,629,1.0,"(39.907187780772688, 116.44513481828839)"
616,6809727,347306.0,0.0276201615036,724,1.0,"(40.076999101527399, 116.58464243845252)"
617,8415844,173551.0,0.0276719107013,734,1.0,"(39.885175202156333, 116.3923798358734)"
618,8190647,121994.0,0.0277082867038,530,1.0,"(39.935040431266842, 116.41934349355218)"
619,8753921,62093.0,0.0277268015088,216,1.0,"(39.936837376460019, 116.35193434935522)"
620,7886897,85505.0,0.0277522972717,313,1.0,"(39.901796945193169, 116.4556858147714)"
621,7793887,179093.0,0.0278056989752,265,1.0,"(39.9251572327044, 116.46682297772568)"
622,7931107,82558.0,0.0278303160057,315,1.0,"(39.959299191374662, 116.4504103165299)"
623,6834198,261776.0,0.0279083720121,609,1.0,"(40.068463611859833, 116.58171160609614)"
624,6956654,322071.0,0.0280044066983,601,1.0,"(40.071159029649593, 116.56705744431419)"
625,8606921,167328.0,0.0280543003304,439,1.0,"(39.90988319856244, 116.36951934349356)"
626,8293459,92990.0,0.0280820279603,397,1.0,"(39.91437556154537, 116.40703399765533)"
627,8102421,148605.0,0.028126338794,669,1.0,"(39.907187780772688, 116.42989449003518)"
628,9126054,114792.0,0.0281605673142,445,1.0,"(39.885175202156333, 116.30738569753811)"
629,9194844,74590.0,0.0281828084574,285,1.0,"(39.983108715184187, 116.29917936694022)"
630,8856781,86643.0,0.0282086435476,389,1.0,"(39.937735849056601, 116.33962485345839)"
631,8151401,140997.0,0.0282506858384,502,1.0,"(39.907187780772688, 116.4240328253224)"
632,7945506,188730.0,0.0283069610893,10,1.0,"(39.826774483378259, 116.44865181711607)"
633,9321850,42457.0,0.028319620859,168,1.0,"(39.829469901168011, 116.283939038687)"
634,8832186,88526.0,0.0283460174195,392,1.0,"(39.890566037735844, 116.34255568581477)"
635,8655949,70486.0,0.0283670348376,266,1.0,"(39.931446540880501, 116.36365767878078)"
636,7877171,6387.0,0.0283689393045,27,1.0,"(39.933243486073671, 116.45685814771396)"
637,8891220,58554.0,0.0283863988554,233,1.0,"(40.006469002695418, 116.33552168815945)"
638,9067193,78306.0,0.0284097480304,309,1.0,"(39.846990116801436, 116.31441969519344)"
639,9527737,65265.0,0.028429208658,247,1.0,"(39.906289308176099, 116.25932004689332)"
640,7857504,154807.0,0.0284753687956,217,1.0,"(39.899550763701704, 116.45920281359906)"
641,8313037,99579.0,0.0285050611244,258,1.0,"(39.90808625336927, 116.40468933177023)"
642,8905825,104670.0,0.0285362714805,443,1.0,"(39.966486972147351, 116.33376318874561)"
643,9571842,52352.0,0.0285518817276,164,1.0,"(39.916621743036835, 116.25404454865182)"
644,8073137,113564.0,0.0285857440844,466,1.0,"(39.95390835579515, 116.43341148886284)"
645,8563010,65839.0,0.0286053758665,225,1.0,"(39.986702605570528, 116.37479484173505)"
646,8768583,109618.0,0.0286380616104,472,1.0,"(39.922461814914641, 116.35017584994139)"
647,9371035,61150.0,0.028656295233,234,1.0,"(39.921563342318059, 116.27807737397421)"
648,8376479,43668.0,0.028669316097,149,1.0,"(39.803863432165315, 116.39706916764362)"
649,9189719,82380.0,0.0286938800517,283,1.0,"(39.881132075471697, 116.29976553341149)"
650,8695045,22558.0,0.028700606365,73,1.0,"(39.891913746630728, 116.35896834701056)"
651,8170841,60842.0,0.0287187481486,205,1.0,"(39.838903863432165, 116.42168815943728)"
652,8249468,83251.0,0.0287435718169,337,1.0,"(39.955256064690026, 116.41230949589684)"
653,6211776,5325.0,0.028745159618,10,1.0,"(39.899550763701704, 116.65615474794842)"
654,9234028,47540.0,0.0287593350296,190,1.0,"(39.983108715184187, 116.29449003517)"
655,8788045,76028.0,0.0287820049537,157,1.0,"(39.864061096136567, 116.34783118405628)"
656,8435575,67827.0,0.0288022295149,270,1.0,"(39.94761904761905, 116.39003516998828)"
657,8636300,57799.0,0.028819463941,235,1.0,"(39.905840071877805, 116.36600234466589)"
658,8744062,32516.0,0.028829159517,132,1.0,"(39.908535489667564, 116.35310668229778)"
659,9224053,45124.0,0.028842614529,77,1.0,"(39.902695417789758, 116.29566236811254)"
660,8126776,40216.0,0.0288546060804,97,1.0,"(39.846540880503142, 116.42696365767878)"
661,9268181,15437.0,0.0288592090637,66,1.0,"(39.92336028751123, 116.29038686987104)"
662,8136653,69056.0,0.0288798000865,303,1.0,"(39.882929020664868, 116.42579132473622)"
663,7882161,43165.0,0.0288926709666,188,1.0,"(39.974573225516622, 116.45627198124268)"
664,8856726,50826.0,0.0289078261931,228,1.0,"(39.913027852650494, 116.33962485345839)"
665,10497168,6514.0,0.0289097685287,19,1.0,"(39.738724168912846, 116.14325908558031)"
666,6867891,2270.0,0.0289104453941,10,1.0,"(39.802066486972144, 116.57760844079719)"
667,7945729,73956.0,0.0289324974921,324,1.0,"(39.926954177897571, 116.44865181711607)"
668,7740142,25943.0,0.0289402331401,60,1.0,"(39.984905660377358, 116.47327080890973)"
669,8709763,51953.0,0.0289557244139,225,1.0,"(39.902695417789758, 116.35720984759672)"
670,7152474,43307.0,0.0289686376354,178,1.0,"(40.026235399820301, 116.54361078546307)"
671,7671575,27417.0,0.0289768127986,110,1.0,"(39.987151841868823, 116.48147713950763)"
672,7505067,438267.0,0.0291074946477,46,1.0,"(39.997933513027853, 116.50140679953107)"
673,7764376,20920.0,0.0291137325445,94,1.0,"(39.869901168014373, 116.47033997655335)"
674,8273849,55135.0,0.0291301726227,207,1.0,"(39.906289308176099, 116.40937866354045)"
675,8744003,30314.0,0.0291392116093,164,1.0,"(39.882030548068279, 116.35310668229778)"
676,8317994,7462.0,0.0291414366182,15,1.0,"(39.934591194968554, 116.40410316529895)"
677,8136764,56972.0,0.0291584244505,258,1.0,"(39.932794249775384, 116.42579132473622)"
678,8337541,124963.0,0.0291956857454,191,1.0,"(39.91437556154537, 116.40175849941384)"
679,2440770,8007.0,0.0291980732616,20,1.0,"(40.103504043126684, 117.10750293083237)"
680,9160561,27381.0,0.0292062376904,100,1.0,"(39.984456424079063, 116.30328253223917)"
681,7656693,29685.0,0.0292150891227,133,1.0,"(39.902695417789758, 116.48323563892146)"
682,9424808,21257.0,0.0292214275056,94,1.0,"(39.874393530997303, 116.27162954279015)"
683,9249984,15.0,0.0292214319783,1,1.0,"(40.550044923629827, 116.29273153575616)"
684,10516780,5474.0,0.0292230642081,7,1.0,"(39.747708894878706, 116.14091441969519)"
685,6971267,47357.0,0.029237185053,199,1.0,"(40.034770889487866, 116.56529894490036)"
686,7793891,36489.0,0.0292480652926,107,1.0,"(39.926954177897571, 116.46682297772568)"
687,8195751,239549.0,0.0293194936828,18,1.0,"(40.027583108715184, 116.4187573270809)"
688,8807677,59807.0,0.0293373268515,70,1.0,"(39.882030548068279, 116.34548651817117)"
689,8029014,44618.0,0.0293506309852,159,1.0,"(39.935489667565136, 116.43868698710435)"
690,8954681,22458.0,0.0293573274806,115,1.0,"(39.910781671159029, 116.32790152403282)"
691,7788791,179204.0,0.029410762282,26,1.0,"(39.836208445642406, 116.46740914419696)"
692,8944824,31103.0,0.0294200365316,147,1.0,"(39.883378256963162, 116.32907385697538)"
693,7162025,179883.0,0.0294736737962,5,1.0,"(39.91617250673854, 116.54243845252053)"
694,6897527,21572.0,0.0294801061054,103,1.0,"(39.913477088948788, 116.57409144196953)"
695,9111575,16768.0,0.0294851059645,68,1.0,"(39.981761006289304, 116.30914419695193)"
696,8612004,22473.0,0.0294918069326,104,1.0,"(39.992991913746629, 116.36893317702229)"
697,8023914,25870.0,0.0294995208135,85,1.0,"(39.844743935309971, 116.43927315357563)"
698,8048574,36086.0,0.0295102808872,111,1.0,"(39.921114106019765, 116.43634232121923)"
699,7656880,254348.0,0.0295861220228,831,1.0,"(39.986702605570528, 116.48323563892146)"
700,7960468,30704.0,0.0295952772991,117,1.0,"(39.947169811320755, 116.44689331770223)"
701,8097595,24092.0,0.0296024610184,111,1.0,"(39.939532794249772, 116.43048065650645)"
702,8597113,23617.0,0.0296095031029,82,1.0,"(39.904492362982928, 116.37069167643611)"
703,7882196,137101.0,0.0296503836898,304,1.0,"(39.990296495956869, 116.45627198124268)"
704,9062779,7307.0,0.029652562481,29,1.0,"(40.064420485175198, 116.31500586166472)"
705,8949673,7181.0,0.0296547037017,18,1.0,"(39.861365678346807, 116.3284876905041)"
706,8788113,55609.0,0.0296712851165,9,1.0,"(39.894609164420487, 116.34783118405628)"
707,7191520,615.0,0.0296714684964,4,1.0,"(39.964240790655886, 116.53892145369285)"
708,7362862,46831.0,0.0296854324993,36,1.0,"(39.924707996406106, 116.51840562719813)"
709,7887081,12774.0,0.029689241433,61,1.0,"(39.984456424079063, 116.4556858147714)"
710,9983417,147983.0,0.0297333667997,4,1.0,"(39.980862533692722, 116.20480656506449)"
711,8787801,65406.0,0.0297528694705,2,1.0,"(39.7544474393531, 116.34783118405628)"
712,8890959,12025.0,0.0297564550684,54,1.0,"(39.889218328840968, 116.33552168815945)"
713,8719478,72865.0,0.0297781818535,6,1.0,"(39.866307277628032, 116.35603751465416)"
714,3483975,5951.0,0.0297799563145,20,1.0,"(40.072506738544476, 116.98264947245018)"
715,10149786,257999.0,0.0298568861002,3,1.0,"(39.907637017070975, 116.18487690504104)"
716,9101556,4970.0,0.029858368048,26,1.0,"(39.881581311769992, 116.31031652989449)"
717,7842742,34035.0,0.0298685165573,38,1.0,"(39.869002695417791, 116.4609613130129)"
718,7529378,128563.0,0.0299068512952,28,1.0,"(39.917520215633424, 116.49847596717468)"
719,12407229,5114.0,0.0299083761806,2,1.0,"(39.667295597484276, 115.91465416178195)"
720,2573107,9146.0,0.0299111033223,33,1.0,"(40.14438454627134, 117.09167643610786)"
721,2406495,12308.0,0.0299147733047,12,1.0,"(40.108445642407908, 117.11160609613131)"
722,7926024,2062.0,0.0299153881491,13,1.0,"(39.876190476190473, 116.45099648300118)"
723,8871386,20412.0,0.029921474571,6,1.0,"(39.897753818508534, 116.33786635404455)"
724,8626274,123067.0,0.0299581705192,4,1.0,"(39.802515723270439, 116.36717467760845)"
725,8171018,978.0,0.0299584621379,5,1.0,"(39.918418688230005, 116.42168815943728)"
726,9101681,624.0,0.0299586482014,3,1.0,"(39.937735849056601, 116.31031652989449)"
727,4483852,13278.0,0.0299626074171,5,1.0,"(40.380233602875109, 116.8630715123095)"
728,8185660,9513.0,0.0299654439903,9,1.0,"(39.895058400718774, 116.41992966002346)"
729,8068390,85320.0,0.0299908845901,12,1.0,"(40.021743036837378, 116.43399765533412)"
730,8695155,72077.0,0.0300123764105,8,1.0,"(39.941329739442949, 116.35896834701056)"
731,9214218,5536.0,0.0300140271274,17,1.0,"(39.885175202156333, 116.2968347010551)"
732,8381401,2193.0,0.0300146810331,7,1.0,"(39.814645103324345, 116.39648300117234)"
733,8837222,4132.0,0.0300159131071,17,1.0,"(39.952560646900267, 116.34196951934349)"
734,6482117,1436.0,0.0300163412916,8,1.0,"(40.326774483378259, 116.62391559202814)"
735,8141653,1202.0,0.0300166997023,16,1.0,"(39.928751123090741, 116.42520515826496)"
736,8910231,1338.0,0.0300170986653,3,1.0,"(39.745462713387241, 116.33317702227433)"
737,9395604,989.0,0.030017393564,5,1.0,"(39.957053009883197, 116.27514654161783)"
738,8797871,1301.0,0.0300177814944,5,1.0,"(39.877538185085356, 116.34665885111372)"
739,11564804,449.0,0.0300179153766,3,1.0,"(39.681221922731353, 116.01547479484174)"
740,8327798,455.0,0.0300180510478,8,1.0,"(39.938185085354895, 116.40293083235639)"
741,11848957,1814.0,0.0300185919438,2,1.0,"(39.712219227313568, 115.98147713950763)"
742,7916390,1607.0,0.0300190711169,9,1.0,"(39.948966756513926, 116.45216881594374)"
743,6485519,349.0,0.0300191751812,3,1.0,"(39.654716981132076, 116.62332942555686)"
744,8778492,29.0,0.0300191838284,3,1.0,"(39.973225516621739, 116.34900351699883)"
745,1829683,205.0,0.030019244955,2,1.0,"(40.625965858041326, 117.18077373974209)"
746,7818516,593.0,0.0300194217749,3,1.0,"(39.987601078167117, 116.46389214536929)"
747,7925689,314.0,0.030019515403,2,1.0,"(39.725696316262351, 116.45099648300118)"
748,10223306,316.0,0.0300196096275,2,1.0,"(39.930098831985624, 116.17608440797187)"
749,11613992,32.0,0.0300196191692,2,1.0,"(39.774663072776278, 116.00961313012897)"
750,6369466,14.0,0.0300196233437,1,1.0,"(40.328122192273135, 116.63739742086753)"
751,6819353,14.0,0.0300196275182,1,1.0,"(40.000628930817612, 116.58347010550997)"
752,8263095,14.0,0.0300196316927,1,1.0,"(39.475920934411498, 116.41055099648301)"
753,8875996,14.0,0.0300196358672,1,1.0,"(39.768373764600177, 116.33728018757327)"
754,11148328,14.0,0.0300196400417,1,1.0,"(39.61563342318059, 116.06529894490036)"
755,9204535,49234.0,0.0300343205679,227,1.0,"(39.93593890386343, 116.29800703399766)"
756,8939889,49924.0,0.0300492068373,201,1.0,"(39.866756513926326, 116.32966002344666)"
757,10888702,16.0,0.0300492116081,1,1.0,"(39.601257861635219, 116.09636576787808)"
758,7661596,47848.0,0.0300634788587,243,1.0,"(39.904941599281223, 116.48264947245018)"
759,8264175,46096.0,0.0300772237004,181,1.0,"(39.961096136567832, 116.41055099648301)"
760,7891890,111810.0,0.0301105630519,391,1.0,"(39.944474393530996, 116.45509964830012)"
761,9042823,14219.0,0.0301148028536,44,1.0,"(39.900898472596587, 116.31735052754983)"
762,9787291,38620.0,0.0301263185119,24,1.0,"(39.888319856244387, 116.2282532239156)"
763,9263269,42278.0,0.0301389249076,114,1.0,"(39.917070979335129, 116.29097303634232)"
764,8621523,181056.0,0.0301929119358,620,1.0,"(39.868553459119497, 116.36776084407973)"
765,7799003,32671.0,0.0302026537295,123,1.0,"(40.023090745732254, 116.4662368112544)"
766,8269178,86495.0,0.0302284446892,298,1.0,"(40.008265947888589, 116.40996483001173)"
767,9307440,50161.0,0.0302434016269,174,1.0,"(39.957053009883197, 116.28569753810082)"
768,9106555,34815.0,0.0302537827156,149,1.0,"(39.926954177897571, 116.30973036342321)"
769,7563867,44549.0,0.0302670662749,41,1.0,"(40.008715184186883, 116.49437280187574)"
770,8538178,1054227.0,0.0305814142267,521,1.0,"(39.833063791554359, 116.37772567409145)"
771,8053566,3670.0,0.0305825085422,9,1.0,"(39.963342318059297, 116.43575615474795)"
772,10218357,334.0,0.0305826081339,4,1.0,"(39.907187780772688, 116.17667057444315)"
773,8151368,139203.0,0.0306241154923,394,1.0,"(39.892362982929022, 116.4240328253224)"
774,7573586,79987.0,0.0306479659055,139,1.0,"(39.974123989218327, 116.49320046893318)"
775,9228909,241402.0,0.0307199468207,137,1.0,"(39.883827493261457, 116.29507620164127)"
776,7710734,49856.0,0.0307348128139,192,1.0,"(39.975920934411498, 116.47678780773741)"
777,6848909,471802.0,0.0308754940831,864,1.0,"(40.076100628930817, 116.5799531066823)"
778,8234614,271454.0,0.0309564358621,958,1.0,"(39.883378256963162, 116.41406799531067)"
779,7896703,52583.0,0.0309721149885,290,1.0,"(39.906289308176099, 116.45451348182884)"
780,7656881,155765.0,0.0310185607812,555,1.0,"(39.987151841868823, 116.48323563892146)"
781,8954805,207038.0,0.0310802950863,743,1.0,"(39.966486972147351, 116.32790152403282)"
782,7989855,141158.0,0.0311223853839,533,1.0,"(39.946720575022461, 116.44337631887457)"
783,6966450,1078766.0,0.0314440503408,339,1.0,"(40.071159029649593, 116.56588511137164)"
784,8954700,41707.0,0.0314564864765,105,1.0,"(39.919317160826594, 116.32790152403282)"
785,8195585,209919.0,0.0315190798341,694,1.0,"(39.953009883198561, 116.4187573270809)"
786,8293448,129792.0,0.0315577810336,586,1.0,"(39.909433962264153, 116.40703399765533)"
787,7544038,1836.0,0.0315583284895,5,1.0,"(39.902246181491464, 116.49671746776085)"
788,9170306,205889.0,0.0316197201873,672,1.0,"(39.961545372866127, 116.30211019929661)"
789,8259160,270446.0,0.0317003614023,680,1.0,"(39.908535489667564, 116.41113716295429)"
790,7891842,220301.0,0.0317660504504,820,1.0,"(39.922911051212935, 116.45509964830012)"
791,9023204,194147.0,0.0318239409349,707,1.0,"(39.888769092542674, 116.31969519343494)"
792,7093091,17646.0,0.0318292025948,45,1.0,"(39.753548966756512, 116.55064478311841)"
793,6309489,127582.0,0.0318672448195,6,1.0,"(39.788589398023362, 116.64443141852287)"
794,6280871,695.0,0.0318674520536,4,1.0,"(40.134501347708891, 116.64794841735053)"
795,8900688,238.0,0.0318675230202,3,1.0,"(39.859119496855342, 116.33434935521689)"
796,5874410,28.0,0.0318675313692,1,1.0,"(40.167295597484276, 116.6966002344666)"
797,6217376,28.0,0.0318675397182,1,1.0,"(40.21491464510332, 116.65556858147714)"
798,7627456,9190.0,0.0318702799797,6,1.0,"(39.970530098831986, 116.48675263774912)"
799,8175874,175769.0,0.0319226905375,683,1.0,"(39.899550763701704, 116.421101992966)"
800,8503559,7858.0,0.0319250336251,4,1.0,"(39.683468104222818, 116.38182883939039)"
801,6128804,28.0,0.0319250419741,1,1.0,"(40.03162623539982, 116.66611957796015)"
802,10291257,28.0,0.0319250503231,1,1.0,"(39.651123090745727, 116.16787807737398)"
803,10844990,28.0,0.0319250586721,1,1.0,"(39.767475292003596, 116.10164126611959)"
804,2147465,25.0,0.0319250661266,1,1.0,"(40.361814914645102, 117.14267291910903)"
805,9189949,78574.0,0.0319484952134,270,1.0,"(39.984456424079063, 116.29976553341149)"
806,2999234,13148.0,0.0319524156659,41,1.0,"(40.144833782569627, 117.04067995310669)"
807,8773494,152267.0,0.0319978184298,583,1.0,"(39.928301886792454, 116.34958968347011)"
808,9008682,165034.0,0.0320470280401,476,1.0,"(39.966037735849056, 116.32145369284878)"
809,7597926,183429.0,0.0321017226462,375,1.0,"(39.906738544474393, 116.4902696365768)"
810,10967074,28.0,0.0321017309952,1,1.0,"(39.603054806828389, 116.08698710433764)"
811,9126078,1047464.0,0.0324140623649,741,1.0,"(39.895956873315363, 116.30738569753811)"
812,7470597,109233.0,0.0324466333101,403,1.0,"(39.915274034141959, 116.50550996483001)"
813,7661741,247298.0,0.0325203722864,454,1.0,"(39.970080862533692, 116.48264947245018)"
814,8151592,116611.0,0.0325551431934,215,1.0,"(39.992991913746629, 116.4240328253224)"
815,8440344,118531.0,0.0325904866034,500,1.0,"(39.889667565139263, 116.389449003517)"
816,8993989,129423.0,0.0326290777749,445,1.0,"(39.966486972147351, 116.3232121922626)"
817,8405977,189402.0,0.0326855534018,677,1.0,"(39.853279424977536, 116.39355216881594)"
818,9576826,119454.0,0.0327211720307,52,1.0,"(39.955256064690026, 116.25345838218054)"
819,7754672,80609.0,0.032745207911,349,1.0,"(39.911230907457323, 116.47151230949591)"
820,8122087,112541.0,0.0327787652311,523,1.0,"(39.94043126684636, 116.42754982415006)"
821,8259358,89811.0,0.0328055449511,369,1.0,"(39.997484276729558, 116.41113716295429)"
822,8910723,144707.0,0.0328486934846,555,1.0,"(39.966486972147351, 116.33317702227433)"
823,6839115,209584.0,0.0329111869524,850,1.0,"(40.076999101527399, 116.58112543962486)"
824,8861196,34894.0,0.0329215915972,116,1.0,"(39.720754716981133, 116.33903868698711)"
825,8856824,122901.0,0.0329582380477,503,1.0,"(39.957053009883197, 116.33962485345839)"
826,8043645,130220.0,0.0329970668676,512,1.0,"(39.907187780772688, 116.43692848769051)"
827,8543417,103263.0,0.0330278576864,251,1.0,"(39.986253369272234, 116.37713950762017)"
828,8386488,46722.0,0.0330417891879,197,1.0,"(39.899550763701704, 116.39589683470106)"
829,7617661,165959.0,0.0330912746134,280,1.0,"(39.970979335130281, 116.48792497069168)"
830,9704199,5903.0,0.0330930347618,13,1.0,"(39.966486972147351, 116.23821805392733)"
831,9513043,70930.0,0.0331141845713,305,1.0,"(39.906289308176099, 116.26107854630716)"
832,7955591,74963.0,0.0331365369352,343,1.0,"(39.956603773584902, 116.44747948417351)"
833,6981007,397.0,0.0331366553121,2,1.0,"(40.009613656783465, 116.5641266119578)"
834,7749970,123341.0,0.0331734329613,232,1.0,"(39.999281221922729, 116.47209847596719)"
835,8558069,86090.0,0.0331991031586,398,1.0,"(39.967385444743933, 116.37538100820633)"
836,8337605,76619.0,0.0332219493063,328,1.0,"(39.94312668463612, 116.40175849941384)"
837,8538508,106463.0,0.0332536942967,252,1.0,"(39.981311769991017, 116.37772567409145)"
838,5473268,4182.0,0.0332549412797,4,1.0,"(40.389218328840968, 116.74466588511137)"
839,8308056,53823.0,0.0332709901475,217,1.0,"(39.870799640610961, 116.40527549824151)"
840,9571927,173400.0,0.0333226943202,83,1.0,"(39.954806828391732, 116.25404454865182)"
841,7950748,146902.0,0.0333664973558,61,1.0,"(39.981311769991017, 116.44806565064479)"
842,7475706,891410.0,0.0336322967592,96,1.0,"(40.010062893081759, 116.50492379835875)"
843,7779218,123360.0,0.0336690800737,408,1.0,"(39.936388140161725, 116.46858147713951)"
844,8837093,74058.0,0.0336911625859,303,1.0,"(39.894609164420487, 116.34196951934349)"
845,8851838,66935.0,0.0337111211719,271,1.0,"(39.917520215633424, 116.34021101992967)"
846,7656876,76286.0,0.033733868026,245,1.0,"(39.984905660377358, 116.48323563892146)"
847,7544180,533357.0,0.0338929036801,223,1.0,"(39.966037735849056, 116.49671746776085)"
848,8337608,95467.0,0.0339213698984,441,1.0,"(39.944474393530996, 116.40175849941384)"
849,8768425,35156.0,0.033931852666,142,1.0,"(39.851482479784366, 116.35017584994139)"
850,7637306,193586.0,0.0339895758723,7,1.0,"(39.994788858939799, 116.48558030480658)"
851,7436525,632132.0,0.0341780641195,224,1.0,"(40.011410601976635, 116.50961313012897)"
852,9160539,39723.0,0.0341899086688,161,1.0,"(39.974573225516622, 116.30328253223917)"
853,8420863,72117.0,0.0342114124163,302,1.0,"(39.939532794249772, 116.39179366940212)"
854,7798714,61958.0,0.0342298869673,204,1.0,"(39.893261455525604, 116.4662368112544)"
855,8763662,49370.0,0.0342446080457,218,1.0,"(39.912129380053905, 116.35076201641267)"
856,2308621,28926.0,0.0342532331605,11,1.0,"(40.147079964061092, 117.12332942555686)"
857,6418265,1168.0,0.0342535814331,1,1.0,"(40.246810422282117, 116.63153575615475)"
858,8068081,56376.0,0.034270391551,262,1.0,"(39.882929020664868, 116.43399765533412)"
859,2225373,16049.0,0.0342751770196,51,1.0,"(40.15516621743037, 117.13329425556859)"
860,7299168,43666.0,0.0342881972872,170,1.0,"(39.915723270440253, 116.52602579132474)"
861,8582439,86792.0,0.034314076806,146,1.0,"(39.913477088948788, 116.37245017584995)"
862,8587531,17311.0,0.0343192385761,72,1.0,"(40.000628930817612, 116.37186400937867)"
863,9253449,42895.0,0.034332028948,185,1.0,"(39.906289308176099, 116.29214536928488)"
864,7896806,122683.0,0.0343686103956,478,1.0,"(39.952560646900267, 116.45451348182884)"
865,8513793,33570.0,0.0343786202518,162,1.0,"(39.880233602875109, 116.38065650644783)"
866,9341639,22411.0,0.0343853027329,54,1.0,"(39.917969451931718, 116.28159437280188)"
867,8195582,134376.0,0.0344253707831,546,1.0,"(39.951662174303685, 116.4187573270809)"
868,8744170,22412.0,0.0344320535623,90,1.0,"(39.957053009883197, 116.35310668229778)"
869,8753716,26033.0,0.0344398160463,122,1.0,"(39.844743935309971, 116.35193434935522)"
870,8249316,69276.0,0.0344604726684,241,1.0,"(39.886972147349503, 116.41230949589684)"
871,10448214,12763.0,0.0344642783221,56,1.0,"(39.750404312668465, 116.14912075029309)"
872,8553019,42764.0,0.0344770296326,202,1.0,"(39.89910152740341, 116.37596717467761)"
873,8837216,41501.0,0.0344894043435,173,1.0,"(39.949865229110507, 116.34196951934349)"
874,8714652,174393.0,0.0345414046075,670,1.0,"(39.898652291105122, 116.35662368112544)"
875,8577390,34564.0,0.0345517108534,105,1.0,"(39.84564240790656, 116.37303634232123)"
876,5467591,9614.0,0.0345545775426,2,1.0,"(40.039263252470796, 116.74525205158265)"
877,7994484,668025.0,0.0347537683151,385,1.0,"(39.82587601078167, 116.44279015240329)"
878,8856990,18438.0,0.0347592661324,85,1.0,"(40.03162623539982, 116.33962485345839)"
879,9758558,1405.0,0.0347596850734,9,1.0,"(40.182569631626237, 116.23177022274326)"
880,8450289,25849.0,0.0347673926925,108,1.0,"(39.956603773584902, 116.38827667057446)"
881,7891808,278743.0,0.0348505078955,1008,1.0,"(39.907637017070975, 116.45509964830012)"
882,8543154,35364.0,0.0348610526843,46,1.0,"(39.868104222821202, 116.37713950762017)"
883,8082998,8380.0,0.0348635514211,9,1.0,"(39.983108715184187, 116.43223915592029)"
884,5678570,2415.0,0.0348642715225,10,1.0,"(40.203234501347708, 116.72004689331771)"
885,8259351,9958.0,0.0348672407851,44,1.0,"(39.994339622641505, 116.41113716295429)"
886,7627541,65677.0,0.0348868242624,149,1.0,"(40.008715184186883, 116.48675263774912)"
887,9180034,18515.0,0.0348923450395,34,1.0,"(39.930997304582206, 116.30093786635405)"
888,6236210,27.0,0.0348923530903,2,1.0,"(39.874393530997303, 116.65322391559204)"
889,11086815,15.0,0.034892357563,1,1.0,"(40.586433063791553, 116.07291910902697)"
890,8631384,10058.0,0.0348953566436,35,1.0,"(39.897753818508534, 116.36658851113717)"
891,10899247,5365.0,0.0348969563719,21,1.0,"(39.937735849056601, 116.09519343493552)"
892,8293787,9053.0,0.0348996557829,39,1.0,"(40.061725067385446, 116.40703399765533)"
893,8763681,13453.0,0.0349036671799,37,1.0,"(39.92066486972147, 116.35076201641267)"
894,8445416,28066.0,0.034912035861,124,1.0,"(39.967834681042227, 116.38886283704572)"
895,7573670,141323.0,0.0349541753581,5,1.0,"(40.01185983827493, 116.49320046893318)"
896,7886972,131899.0,0.0349935048199,278,1.0,"(39.935489667565136, 116.4556858147714)"
897,8606922,10923.0,0.0349967618249,45,1.0,"(39.910332434860734, 116.36951934349356)"
898,8386384,18912.0,0.035002400979,87,1.0,"(39.852830188679242, 116.39589683470106)"
899,8288878,132923.0,0.0350420357756,411,1.0,"(40.056783468104221, 116.40762016412661)"
900,8935000,15770.0,0.0350467380525,56,1.0,"(39.870799640610961, 116.33024618991794)"
901,10560822,15331.0,0.0350513094289,55,1.0,"(39.729739442946986, 116.1356389214537)"
902,8920335,10889.0,0.0350545562959,56,1.0,"(39.883827493261457, 116.33200468933178)"
903,7221036,12681.0,0.035058337499,63,1.0,"(40.021743036837378, 116.53540445486519)"
904,8949783,11399.0,0.035061736437,52,1.0,"(39.910781671159029, 116.3284876905041)"
905,9233857,45699.0,0.0350753629018,198,1.0,"(39.906289308176099, 116.29449003517)"
906,8788072,4581.0,0.035076728858,15,1.0,"(39.876190476190473, 116.34783118405628)"
907,2533921,13552.0,0.0350807697747,25,1.0,"(40.143486073674751, 117.09636576787808)"
908,8278617,97515.0,0.0351098466628,9,1.0,"(39.847888589398025, 116.40879249706917)"
909,7068978,8614.0,0.0351124151734,26,1.0,"(39.922911051212935, 116.5535756154748)"
910,7627347,9021.0,0.0351151050428,39,1.0,"(39.921563342318059, 116.48675263774912)"
911,8582335,3302.0,0.0351160896286,17,1.0,"(39.866756513926326, 116.37245017584995)"
912,7783892,4824.0,0.0351175280422,18,1.0,"(39.835759209344111, 116.46799531066823)"
913,7598025,74347.0,0.0351396967281,13,1.0,"(39.951212938005391, 116.4902696365768)"
914,8837192,96136.0,0.0351683624279,9,1.0,"(39.939083557951484, 116.34196951934349)"
915,9140835,3794.0,0.0351694937175,25,1.0,"(39.924258760107818, 116.30562719812427)"
916,7353309,21156.0,0.0351758019844,46,1.0,"(40.033872416891285, 116.51957796014068)"
917,7102753,7814.0,0.0351781319522,2,1.0,"(39.693351302785267, 116.54947245017586)"
918,9909709,59785.0,0.0351959585609,4,1.0,"(39.873944294699008, 116.21359906213365)"
919,8043487,2414.0,0.0351966783641,3,1.0,"(39.836208445642406, 116.43692848769051)"
920,7852760,11156.0,0.0352000048448,65,1.0,"(39.968733153638816, 116.45978898007034)"
921,9542650,3184.0,0.0352009542455,8,1.0,"(40.004672057502248, 116.25756154747948)"
922,6873041,10617.0,0.0352041200079,32,1.0,"(39.915274034141959, 116.57702227432591)"
923,7926034,11208.0,0.0352074619939,54,1.0,"(39.880682839173403, 116.45099648300118)"
924,8264179,3887.0,0.0352086210142,12,1.0,"(39.962893081761003, 116.41055099648301)"
925,7357963,16272.0,0.0352134729767,12,1.0,"(39.924258760107818, 116.51899179366941)"
926,7715220,16557.0,0.0352184099201,7,1.0,"(39.790835579514827, 116.47620164126613)"
927,8754352,9062.0,0.0352211120148,3,1.0,"(40.130458221024256, 116.35193434935522)"
928,7088913,178203.0,0.0352742483393,126,1.0,"(40.076999101527399, 116.55123094958969)"
929,6031033,2426.0,0.0352749717207,3,1.0,"(40.116531895777179, 116.67784290738571)"
930,7549130,314.0,0.0352750653488,2,1.0,"(39.989398023360287, 116.49613130128957)"
931,10433904,2914.0,0.0352759342412,12,1.0,"(39.922911051212935, 116.15087924970692)"
932,7274700,2063.0,0.0352765493837,7,1.0,"(39.925606469002695, 116.52895662368113)"
933,9219155,9554.0,0.0352793981823,9,1.0,"(39.902695417789758, 116.29624853458382)"
934,2631880,3338.0,0.0352803935025,2,1.0,"(40.143036837376457, 117.08464243845252)"
935,8332760,2232.0,0.0352810590372,9,1.0,"(39.966936208445638, 116.40234466588512)"
936,8033930,5661.0,0.0352827470264,27,1.0,"(39.943575920934407, 116.43810082063307)"
937,8999079,3752.0,0.0352838657925,4,1.0,"(40.052740341419586, 116.32262602579134)"
938,9106580,2868.0,0.0352847209688,9,1.0,"(39.938185085354895, 116.30973036342321)"
939,8254528,26486.0,0.0352926185277,88,1.0,"(40.028032345013479, 116.41172332942556)"
940,7377536,3054.0,0.0352935291652,7,1.0,"(39.915723270440253, 116.5166471277843)"
941,2308624,9053.0,0.0352962285763,8,1.0,"(40.148427672955975, 117.12332942555686)"
942,8327615,176738.0,0.0353489280692,508,1.0,"(39.855974842767296, 116.40293083235639)"
943,6109864,2688.0,0.0353497295733,11,1.0,"(40.324528301886794, 116.66846424384526)"
944,8650898,6313.0,0.0353516119749,14,1.0,"(39.862713387241691, 116.36424384525206)"
945,9179853,2986.0,0.0353525023363,11,1.0,"(39.849685534591195, 116.30093786635405)"
946,2265537,185.0,0.0353525574993,3,1.0,"(40.595417789757413, 117.12860492379836)"
947,2352721,18912.0,0.0353581966534,4,1.0,"(40.15516621743037, 117.11805392731536)"
948,4606301,161.0,0.0353582446602,2,1.0,"(40.379784366576821, 116.84841735052755)"
949,10497155,910.0,0.0353585160027,3,1.0,"(39.73288409703504, 116.14325908558031)"
950,9365828,673.0,0.0353587166769,2,1.0,"(39.782749326145549, 116.27866354044549)"
951,8425558,417.0,0.0353588410174,4,1.0,"(39.848337825696312, 116.39120750293084)"
952,7533756,788.0,0.0353590759821,2,1.0,"(39.683917340521113, 116.4978898007034)"
953,8631172,12820.0,0.0353628986321,4,1.0,"(39.802515723270439, 116.36658851113717)"
954,12426813,147.0,0.0353629424643,2,1.0,"(39.663701707097935, 115.91230949589684)"
955,8586943,484.0,0.0353630867828,5,1.0,"(39.736477987421381, 116.37186400937867)"
956,12044666,315.0,0.035363180709,2,1.0,"(39.617430368373761, 115.95803048065652)"
957,10506988,223.0,0.0353632472029,2,1.0,"(39.749505840071876, 116.14208675263775)"
958,8072905,918.0,0.0353635209308,4,1.0,"(39.849685534591195, 116.43341148886284)"
959,3660563,2114.0,0.0353641512804,2,1.0,"(40.189308176100624, 116.96154747948418)"
960,6902311,333.0,0.0353642505739,3,1.0,"(39.862264150943396, 116.57350527549825)"
961,13710295,34.0,0.035364260712,2,1.0,"(39.756244384546271, 115.75873388042204)"
962,2314382,319.0,0.035364355831,3,1.0,"(40.534770889487866, 117.12274325908558)"
963,7009759,21.0,0.0353643620927,2,1.0,"(39.72389937106918, 116.56060961313014)"
964,10144887,614.0,0.0353645451744,2,1.0,"(39.907187780772688, 116.18546307151232)"
965,1898160,14.0,0.0353645493489,1,1.0,"(40.583288409703499, 117.17256740914421)"
966,2418052,14.0,0.0353645535234,1,1.0,"(40.899550763701704, 117.11043376318875)"
967,4130661,14.0,0.0353645576979,1,1.0,"(40.13989218328841, 116.90527549824151)"
968,6235815,14.0,0.0353645618724,1,1.0,"(39.696945193171608, 116.65322391559204)"
969,6299603,14.0,0.0353645660469,1,1.0,"(39.748158131177, 116.64560375146542)"
970,6383485,14.0,0.0353645702214,1,1.0,"(40.024887690925425, 116.6356389214537)"
971,6563809,14.0,0.0353645743959,1,1.0,"(39.619676549865225, 116.61395076201642)"
972,6975752,14.0,0.0353645785704,1,1.0,"(39.849236298292901, 116.56471277842908)"
973,7068969,14.0,0.0353645827449,1,1.0,"(39.9188679245283, 116.5535756154748)"
974,8082397,14.0,0.0353645869194,1,1.0,"(39.71311769991015, 116.43223915592029)"
975,8778716,14.0,0.0353645910939,1,1.0,"(40.073854447439352, 116.34900351699883)"
976,8880894,14.0,0.0353645952684,1,1.0,"(39.768373764600177, 116.33669402110201)"
977,9992604,14.0,0.0353645994429,1,1.0,"(39.707277628032344, 116.20363423212193)"
978,10223556,14.0,0.0353646036174,1,1.0,"(40.04240790655885, 116.17608440797187)"
979,10473108,14.0,0.0353646077919,1,1.0,"(39.931895777178795, 116.1461899179367)"
980,10791527,14.0,0.0353646119664,1,1.0,"(39.95390835579515, 116.10808909730363)"
981,10915226,14.0,0.0353646161409,1,1.0,"(40.515004492362984, 116.0934349355217)"
982,11339312,14.0,0.0353646203154,1,1.0,"(39.598562443845459, 116.04243845252053)"
983,11346139,14.0,0.0353646244899,1,1.0,"(40.465139263252468, 116.04185228604925)"
984,6819529,136724.0,0.0354053926635,550,1.0,"(40.079694519317158, 116.58347010550997)"
985,4562230,1237.0,0.0354057615105,5,1.0,"(40.384725965858038, 116.85369284876906)"
986,8773527,196488.0,0.0354643500311,562,1.0,"(39.94312668463612, 116.34958968347011)"
987,8714628,103462.0,0.0354952001874,442,1.0,"(39.887870619946092, 116.35662368112544)"
988,10693344,617.0,0.0354953841637,2,1.0,"(39.853728661275831, 116.1198124267292)"
989,6996135,4688.0,0.035496782025,3,1.0,"(40.204582210242584, 116.56236811254396)"
990,10188670,316.0,0.0354968762495,2,1.0,"(39.772866127583107, 116.18018757327081)"
991,9372469,1214.0,0.0354972382383,2,1.0,"(40.565768194070081, 116.27807737397421)"
992,10237664,86.0,0.0354972638817,2,1.0,"(39.779155435759208, 116.17432590855803)"
993,5626002,14.0,0.0354972680562,1,1.0,"(40.791734052111408, 116.72649472450176)"
994,8175483,14.0,0.0354972722307,1,1.0,"(39.72389937106918, 116.421101992966)"
995,6059918,75.0,0.0354972945941,2,1.0,"(39.890566037735844, 116.67432590855803)"
996,7886942,246494.0,0.0355707938348,902,1.0,"(39.922012578616354, 116.4556858147714)"
997,7421606,4282.0,0.0355720706356,15,1.0,"(39.910332434860734, 116.51137162954279)"
998,7505080,18519.0,0.0355775926055,59,1.0,"(40.003773584905659, 116.50140679953107)"
999,9155540,109174.0,0.0356101459581,410,1.0,"(39.929200359389036, 116.30386869871045)"
